10:35:05.449 [main] DEBUG com.intuit.karate.Suite - [config] classpath:karate-config.js
10:35:05.454 [main] DEBUG com.intuit.karate.Suite - waiting for 2 features to complete
10:35:05.957 [pool-2-thread-3] INFO  com.intuit.karate - karate.env system property was: null 
10:35:05.957 [pool-2-thread-1] INFO  com.intuit.karate - karate.env system property was: null 
10:35:05.957 [pool-2-thread-2] INFO  com.intuit.karate - karate.env system property was: null 
10:35:05.982 [pool-2-thread-1] INFO  com.intuit.karate - [print] Hola mundo 
10:35:06.164 [pool-2-thread-2] DEBUG com.intuit.karate - request:
1 > GET https://jsonplaceholder.typicode.com/users
1 > Host: jsonplaceholder.typicode.com
1 > Connection: Keep-Alive
1 > User-Agent: Apache-HttpClient/4.5.14 (Java/17.0.11)
1 > Accept-Encoding: gzip,deflate


10:35:06.164 [pool-2-thread-3] DEBUG com.intuit.karate - request:
1 > POST https://jsonplaceholder.typicode.com/users
1 > Content-Type: application/json; charset=UTF-8
1 > Content-Length: 160
1 > Host: jsonplaceholder.typicode.com
1 > Connection: Keep-Alive
1 > User-Agent: Apache-HttpClient/4.5.14 (Java/17.0.11)
1 > Accept-Encoding: gzip,deflate
{"name":"Test User","username":"testuser","email":"test@user.com","address":{"street":"Has No Name","suite":"Apt. 123","city":"Electri","zipcode":"54321-6789"}}

10:35:06.363 [pool-2-thread-2] DEBUG com.intuit.karate - response time in milliseconds: 189
1 < 200
1 < Date: Wed, 03 Jun 2026 08:35:06 GMT
1 < Content-Type: application/json; charset=utf-8
1 < Connection: keep-alive
1 < access-control-allow-credentials: true
1 < Cache-Control: max-age=43200
1 < etag: W/"160d-1eMSsxeJRfnVLRBmYJSbCiJZ1qQ"
1 < expires: -1
1 < nel: {"report_to":"heroku-nel","response_headers":["Via"],"max_age":3600,"success_fraction":0.01,"failure_fraction":0.1}
1 < pragma: no-cache
1 < report-to: {"group":"heroku-nel","endpoints":[{"url":"https://nel.heroku.com/reports?s=bvm1bArp5uhRaphszZuN7EZTcYzhtyEwsMOMdsnUudw%3D\u0026sid=e11707d5-02a7-43ef-b45e-2cf4d2036f7d\u0026ts=1778545260"}],"max_age":3600}
1 < reporting-endpoints: heroku-nel="https://nel.heroku.com/reports?s=bvm1bArp5uhRaphszZuN7EZTcYzhtyEwsMOMdsnUudw%3D&sid=e11707d5-02a7-43ef-b45e-2cf4d2036f7d&ts=1778545260"
1 < Server: cloudflare
1 < vary: Origin, Accept-Encoding
1 < via: 2.0 heroku-router
1 < x-content-type-options: nosniff
1 < x-powered-by: Express
1 < x-ratelimit-limit: 1000
1 < x-ratelimit-remaining: 999
1 < x-ratelimit-reset: 1778545278
1 < Age: 20846
1 < Accept-Ranges: bytes
1 < cf-cache-status: HIT
1 < Server-Timing: cfCacheStatus;desc="HIT"
1 < Server-Timing: cfEdge;dur=4,cfOrigin;dur=0
1 < CF-RAY: a05d5cccfb13ecae-MAD
1 < alt-svc: h3=":443"; ma=86400
[
  {
    "id": 1,
    "name": "Leanne Graham",
    "username": "Bret",
    "email": "Sincere@april.biz",
    "address": {
      "street": "Kulas Light",
      "suite": "Apt. 556",
      "city": "Gwenborough",
      "zipcode": "92998-3874",
      "geo": {
        "lat": "-37.3159",
        "lng": "81.1496"
      }
    },
    "phone": "1-770-736-8031 x56442",
    "website": "hildegard.org",
    "company": {
      "name": "Romaguera-Crona",
      "catchPhrase": "Multi-layered client-server neural-net",
      "bs": "harness real-time e-markets"
    }
  },
  {
    "id": 2,
    "name": "Ervin Howell",
    "username": "Antonette",
    "email": "Shanna@melissa.tv",
    "address": {
      "street": "Victor Plains",
      "suite": "Suite 879",
      "city": "Wisokyburgh",
      "zipcode": "90566-7771",
      "geo": {
        "lat": "-43.9509",
        "lng": "-34.4618"
      }
    },
    "phone": "010-692-6593 x09125",
    "website": "anastasia.net",
    "company": {
      "name": "Deckow-Crist",
      "catchPhrase": "Proactive didactic contingency",
      "bs": "synergize scalable supply-chains"
    }
  },
  {
    "id": 3,
    "name": "Clementine Bauch",
    "username": "Samantha",
    "email": "Nathan@yesenia.net",
    "address": {
      "street": "Douglas Extension",
      "suite": "Suite 847",
      "city": "McKenziehaven",
      "zipcode": "59590-4157",
      "geo": {
        "lat": "-68.6102",
        "lng": "-47.0653"
      }
    },
    "phone": "1-463-123-4447",
    "website": "ramiro.info",
    "company": {
      "name": "Romaguera-Jacobson",
      "catchPhrase": "Face to face bifurcated interface",
      "bs": "e-enable strategic applications"
    }
  },
  {
    "id": 4,
    "name": "Patricia Lebsack",
    "username": "Karianne",
    "email": "Julianne.OConner@kory.org",
    "address": {
      "street": "Hoeger Mall",
      "suite": "Apt. 692",
      "city": "South Elvis",
      "zipcode": "53919-4257",
      "geo": {
        "lat": "29.4572",
        "lng": "-164.2990"
      }
    },
    "phone": "493-170-9623 x156",
    "website": "kale.biz",
    "company": {
      "name": "Robel-Corkery",
      "catchPhrase": "Multi-tiered zero tolerance productivity",
      "bs": "transition cutting-edge web services"
    }
  },
  {
    "id": 5,
    "name": "Chelsey Dietrich",
    "username": "Kamren",
    "email": "Lucio_Hettinger@annie.ca",
    "address": {
      "street": "Skiles Walks",
      "suite": "Suite 351",
      "city": "Roscoeview",
      "zipcode": "33263",
      "geo": {
        "lat": "-31.8129",
        "lng": "62.5342"
      }
    },
    "phone": "(254)954-1289",
    "website": "demarco.info",
    "company": {
      "name": "Keebler LLC",
      "catchPhrase": "User-centric fault-tolerant solution",
      "bs": "revolutionize end-to-end systems"
    }
  },
  {
    "id": 6,
    "name": "Mrs. Dennis Schulist",
    "username": "Leopoldo_Corkery",
    "email": "Karley_Dach@jasper.info",
    "address": {
      "street": "Norberto Crossing",
      "suite": "Apt. 950",
      "city": "South Christy",
      "zipcode": "23505-1337",
      "geo": {
        "lat": "-71.4197",
        "lng": "71.7478"
      }
    },
    "phone": "1-477-935-8478 x6430",
    "website": "ola.org",
    "company": {
      "name": "Considine-Lockman",
      "catchPhrase": "Synchronised bottom-line interface",
      "bs": "e-enable innovative applications"
    }
  },
  {
    "id": 7,
    "name": "Kurtis Weissnat",
    "username": "Elwyn.Skiles",
    "email": "Telly.Hoeger@billy.biz",
    "address": {
      "street": "Rex Trail",
      "suite": "Suite 280",
      "city": "Howemouth",
      "zipcode": "58804-1099",
      "geo": {
        "lat": "24.8918",
        "lng": "21.8984"
      }
    },
    "phone": "210.067.6132",
    "website": "elvis.io",
    "company": {
      "name": "Johns Group",
      "catchPhrase": "Configurable multimedia task-force",
      "bs": "generate enterprise e-tailers"
    }
  },
  {
    "id": 8,
    "name": "Nicholas Runolfsdottir V",
    "username": "Maxime_Nienow",
    "email": "Sherwood@rosamond.me",
    "address": {
      "street": "Ellsworth Summit",
      "suite": "Suite 729",
      "city": "Aliyaview",
      "zipcode": "45169",
      "geo": {
        "lat": "-14.3990",
        "lng": "-120.7677"
      }
    },
    "phone": "586.493.6943 x140",
    "website": "jacynthe.com",
    "company": {
      "name": "Abernathy Group",
      "catchPhrase": "Implemented secondary concept",
      "bs": "e-enable extensible e-tailers"
    }
  },
  {
    "id": 9,
    "name": "Glenna Reichert",
    "username": "Delphine",
    "email": "Chaim_McDermott@dana.io",
    "address": {
      "street": "Dayna Park",
      "suite": "Suite 449",
      "city": "Bartholomebury",
      "zipcode": "76495-3109",
      "geo": {
        "lat": "24.6463",
        "lng": "-168.8889"
      }
    },
    "phone": "(775)976-6794 x41206",
    "website": "conrad.com",
    "company": {
      "name": "Yost and Sons",
      "catchPhrase": "Switchable contextually-based project",
      "bs": "aggregate real-time technologies"
    }
  },
  {
    "id": 10,
    "name": "Clementina DuBuque",
    "username": "Moriah.Stanton",
    "email": "Rey.Padberg@karina.biz",
    "address": {
      "street": "Kattie Turnpike",
      "suite": "Suite 198",
      "city": "Lebsackbury",
      "zipcode": "31428-2261",
      "geo": {
        "lat": "-38.2386",
        "lng": "57.2232"
      }
    },
    "phone": "024-648-3804",
    "website": "ambrose.net",
    "company": {
      "name": "Hoeger LLC",
      "catchPhrase": "Centralized empowering task-force",
      "bs": "target end-to-end models"
    }
  }
]

10:35:06.370 [pool-3-thread-1] INFO  com.intuit.karate.Suite - <<pass>> feature 1 of 2 (1 remaining) classpath:examples/ejemplos/01-introduccion.feature
10:35:06.374 [pool-2-thread-2] DEBUG com.intuit.karate - request:
2 > GET https://jsonplaceholder.typicode.com/users/1
2 > Host: jsonplaceholder.typicode.com
2 > Connection: Keep-Alive
2 > User-Agent: Apache-HttpClient/4.5.14 (Java/17.0.11)
2 > Accept-Encoding: gzip,deflate


10:35:06.408 [pool-2-thread-2] DEBUG com.intuit.karate - response time in milliseconds: 34
2 < 200
2 < Date: Wed, 03 Jun 2026 08:35:06 GMT
2 < Content-Type: application/json; charset=utf-8
2 < Transfer-Encoding: chunked
2 < Connection: keep-alive
2 < access-control-allow-credentials: true
2 < Cache-Control: max-age=43200
2 < etag: W/"1fd-+2Y3G3w049iSZtw5t1mzSnunngE"
2 < expires: -1
2 < nel: {"report_to":"heroku-nel","response_headers":["Via"],"max_age":3600,"success_fraction":0.01,"failure_fraction":0.1}
2 < pragma: no-cache
2 < report-to: {"group":"heroku-nel","endpoints":[{"url":"https://nel.heroku.com/reports?s=pzgDC9bFjYDGWA67SKgP22djJ7fSa%2B23Pj4cckOv8bI%3D\u0026sid=e11707d5-02a7-43ef-b45e-2cf4d2036f7d\u0026ts=1779544131"}],"max_age":3600}
2 < reporting-endpoints: heroku-nel="https://nel.heroku.com/reports?s=pzgDC9bFjYDGWA67SKgP22djJ7fSa%2B23Pj4cckOv8bI%3D&sid=e11707d5-02a7-43ef-b45e-2cf4d2036f7d&ts=1779544131"
2 < Server: cloudflare
2 < vary: Origin, Accept-Encoding
2 < via: 2.0 heroku-router
2 < x-content-type-options: nosniff
2 < x-powered-by: Express
2 < x-ratelimit-limit: 1000
2 < x-ratelimit-remaining: 999
2 < x-ratelimit-reset: 1779544185
2 < Age: 8732
2 < Server-Timing: cfCacheStatus;desc="HIT"
2 < Server-Timing: cfEdge;dur=6,cfOrigin;dur=0
2 < cf-cache-status: HIT
2 < CF-RAY: a05d5ccd5c820383-MAD
2 < alt-svc: h3=":443"; ma=86400
{
  "id": 1,
  "name": "Leanne Graham",
  "username": "Bret",
  "email": "Sincere@april.biz",
  "address": {
    "street": "Kulas Light",
    "suite": "Apt. 556",
    "city": "Gwenborough",
    "zipcode": "92998-3874",
    "geo": {
      "lat": "-37.3159",
      "lng": "81.1496"
    }
  },
  "phone": "1-770-736-8031 x56442",
  "website": "hildegard.org",
  "company": {
    "name": "Romaguera-Crona",
    "catchPhrase": "Multi-layered client-server neural-net",
    "bs": "harness real-time e-markets"
  }
}

10:35:06.455 [pool-2-thread-3] DEBUG com.intuit.karate - response time in milliseconds: 290
1 < 201
1 < Date: Wed, 03 Jun 2026 08:35:06 GMT
1 < Content-Type: application/json; charset=utf-8
1 < Content-Length: 216
1 < Connection: keep-alive
1 < access-control-allow-credentials: true
1 < access-control-expose-headers: Location
1 < Cache-Control: no-cache
1 < etag: W/"d8-pYV7+YuMGP2hxHPU9ARrf97ifDA"
1 < expires: -1
1 < location: https://jsonplaceholder.typicode.com/users/11
1 < nel: {"report_to":"heroku-nel","response_headers":["Via"],"max_age":3600,"success_fraction":0.01,"failure_fraction":0.1}
1 < pragma: no-cache
1 < report-to: {"group":"heroku-nel","endpoints":[{"url":"https://nel.heroku.com/reports?s=PObyX0B7IlVWWEwRtE1QOVf2IIvrCgzfLOcVzPb5c1o%3D\u0026sid=e11707d5-02a7-43ef-b45e-2cf4d2036f7d\u0026ts=1780475706"}],"max_age":3600}
1 < reporting-endpoints: heroku-nel="https://nel.heroku.com/reports?s=PObyX0B7IlVWWEwRtE1QOVf2IIvrCgzfLOcVzPb5c1o%3D&sid=e11707d5-02a7-43ef-b45e-2cf4d2036f7d&ts=1780475706"
1 < Server: cloudflare
1 < vary: Origin, X-HTTP-Method-Override, Accept-Encoding
1 < via: 2.0 heroku-router
1 < x-content-type-options: nosniff
1 < x-powered-by: Express
1 < x-ratelimit-limit: 1000
1 < x-ratelimit-remaining: 999
1 < x-ratelimit-reset: 1780475724
1 < cf-cache-status: DYNAMIC
1 < Server-Timing: cfCacheStatus;desc="DYNAMIC"
1 < Server-Timing: cfEdge;dur=3,cfOrigin;dur=108
1 < CF-RAY: a05d5cccfc220360-MAD
1 < alt-svc: h3=":443"; ma=86400
{
  "name": "Test User",
  "username": "testuser",
  "email": "test@user.com",
  "address": {
    "street": "Has No Name",
    "suite": "Apt. 123",
    "city": "Electri",
    "zipcode": "54321-6789"
  },
  "id": 11
}

10:35:06.457 [pool-2-thread-3] INFO  com.intuit.karate - [print] created id is:  11 
10:35:06.538 [pool-3-thread-1] INFO  com.intuit.karate.Suite - <<pass>> feature 2 of 2 (0 remaining) classpath:examples/users/users.feature
10:37:15.127 [main] INFO  com.intuit.karate.Runner - using system property 'karate.options': classpath:examples/ejemplos/01-introduccion.feature
10:37:15.359 [main] DEBUG com.intuit.karate.Suite - [config] classpath:karate-config.js
10:37:15.361 [main] INFO  com.intuit.karate.Suite - backed up existing 'target/karate-reports' dir to: target/karate-reports_1780475835359
10:37:15.815 [pool-2-thread-1] INFO  com.intuit.karate - karate.env system property was: null 
10:37:15.841 [pool-2-thread-1] INFO  com.intuit.karate - [print] Hola mundo 
10:37:16.104 [pool-3-thread-1] INFO  com.intuit.karate.Suite - <<pass>> feature 1 of 1 (0 remaining) classpath:examples/ejemplos/01-introduccion.feature
10:53:23.582 [main] INFO  com.intuit.karate.Runner - using system property 'karate.options': classpath:examples/ejemplos/01-introduccion.feature
10:53:23.800 [main] DEBUG com.intuit.karate.Suite - [config] classpath:karate-config.js
10:53:23.801 [main] INFO  com.intuit.karate.Suite - backed up existing 'target/karate-reports' dir to: target/karate-reports_1780476803800
10:53:24.276 [pool-2-thread-1] INFO  com.intuit.karate - karate.env system property was: null 
10:53:24.275 [pool-2-thread-2] INFO  com.intuit.karate - karate.env system property was: null 
10:53:24.296 [pool-2-thread-1] INFO  com.intuit.karate - [print] Hola mundo 
10:53:24.297 [pool-2-thread-2] INFO  com.intuit.karate - Hola mundo 
10:53:24.559 [pool-3-thread-1] INFO  com.intuit.karate.Suite - <<pass>> feature 1 of 1 (0 remaining) classpath:examples/ejemplos/01-introduccion.feature
10:55:44.485 [main] INFO  com.intuit.karate.Runner - using system property 'karate.options': classpath:examples/ejemplos/01-introduccion.feature
10:55:44.713 [main] DEBUG com.intuit.karate.Suite - [config] classpath:karate-config.js
10:55:44.714 [main] INFO  com.intuit.karate.Suite - backed up existing 'target/karate-reports' dir to: target/karate-reports_1780476944713
10:55:45.135 [pool-2-thread-2] INFO  com.intuit.karate - karate.env system property was: null 
10:55:45.135 [pool-2-thread-1] INFO  com.intuit.karate - karate.env system property was: null 
10:55:45.135 [pool-2-thread-3] INFO  com.intuit.karate - karate.env system property was: null 
10:55:45.156 [pool-2-thread-1] INFO  com.intuit.karate - [print] Hola mundo 
10:55:45.156 [pool-2-thread-2] INFO  com.intuit.karate - Hola mundo 
10:55:45.158 [pool-2-thread-3] ERROR com.intuit.karate - No se ha encontrado el recurso: /productos/1309 
10:55:45.399 [pool-3-thread-1] INFO  com.intuit.karate.Suite - <<pass>> feature 1 of 1 (0 remaining) classpath:examples/ejemplos/01-introduccion.feature
11:04:41.284 [main] INFO  com.intuit.karate.Runner - using system property 'karate.options': classpath:examples/ejemplos/01-introduccion.feature
11:04:41.541 [main] DEBUG com.intuit.karate.Suite - [config] classpath:karate-config.js
11:04:41.544 [main] INFO  com.intuit.karate.Suite - backed up existing 'target/karate-reports' dir to: target/karate-reports_1780477481543
11:04:42.192 [pool-2-thread-2] INFO  com.intuit.karate - karate.env system property was: null 
11:04:42.192 [pool-2-thread-1] INFO  com.intuit.karate - karate.env system property was: null 
11:04:42.192 [pool-2-thread-4] INFO  com.intuit.karate - karate.env system property was: null 
11:04:42.192 [pool-2-thread-3] INFO  com.intuit.karate - karate.env system property was: null 
11:04:42.219 [pool-2-thread-1] INFO  com.intuit.karate - [print] Hola mundo 
11:04:42.220 [pool-2-thread-2] INFO  com.intuit.karate - Hola mundo 
11:04:42.224 [pool-2-thread-4] WARN  com.intuit.karate - El tiempo de respuesta es demasiado alto: 20s 
11:04:42.224 [pool-2-thread-3] ERROR com.intuit.karate - No se ha encontrado el recurso: /productos/1309 
11:04:42.226 [pool-2-thread-4] DEBUG com.intuit.karate - Token: eyJhbGciOiJIUzI1NiIsInR5cCI6IkpXVCJ9.eyJzdWIiOiIxMjM0NTY3ODkwIiwibmFtZSI6IkpvaG4gRG9lIiwiYWRtaW4iOnRydWUsImlhdCI6MTUxNjIzOTAyMn0.KMUFsIDTnFmyG3nMiGM6H9FNFUROf3wh7SmqJp-QV30 
11:04:42.528 [pool-3-thread-1] INFO  com.intuit.karate.Suite - <<pass>> feature 1 of 1 (0 remaining) classpath:examples/ejemplos/01-introduccion.feature
11:14:49.166 [main] INFO  com.intuit.karate.Runner - using system property 'karate.options': classpath:examples/ejemplos/01-introduccion.feature
11:14:49.387 [main] DEBUG com.intuit.karate.Suite - [config] classpath:karate-config.js
11:14:49.389 [main] INFO  com.intuit.karate.Suite - backed up existing 'target/karate-reports' dir to: target/karate-reports_1780478089388
11:14:49.902 [pool-2-thread-3] INFO  com.intuit.karate - karate.env system property was: null 
11:14:49.902 [pool-2-thread-5] INFO  com.intuit.karate - karate.env system property was: null 
11:14:49.902 [pool-2-thread-2] INFO  com.intuit.karate - karate.env system property was: null 
11:14:49.902 [pool-2-thread-1] INFO  com.intuit.karate - karate.env system property was: null 
11:14:49.902 [pool-2-thread-4] INFO  com.intuit.karate - karate.env system property was: null 
11:14:49.927 [pool-2-thread-1] INFO  com.intuit.karate - [print] Hola mundo 
11:14:49.928 [pool-2-thread-2] INFO  com.intuit.karate - Hola mundo 
11:14:49.931 [pool-2-thread-4] WARN  com.intuit.karate - El tiempo de respuesta es demasiado alto: 20s 
11:14:49.931 [pool-2-thread-3] ERROR com.intuit.karate - No se ha encontrado el recurso: /productos/1309 
11:14:49.933 [pool-2-thread-4] DEBUG com.intuit.karate - Token: eyJhbGciOiJIUzI1NiIsInR5cCI6IkpXVCJ9.eyJzdWIiOiIxMjM0NTY3ODkwIiwibmFtZSI6IkpvaG4gRG9lIiwiYWRtaW4iOnRydWUsImlhdCI6MTUxNjIzOTAyMn0.KMUFsIDTnFmyG3nMiGM6H9FNFUROf3wh7SmqJp-QV30 
11:14:49.946 [pool-2-thread-5] ERROR com.intuit.karate - classpath:examples/ejemplos/01-introduccion.feature:40
And def usuario = { nombre, apellido, edad, activo, hobbies, direccion }
net.minidev.json.parser.ParseException: Unexpected End Of File position 53: null
classpath:examples/ejemplos/01-introduccion.feature:40
11:14:50.203 [pool-3-thread-1] INFO  com.intuit.karate.Suite - <<fail>> feature 1 of 1 (0 remaining) classpath:examples/ejemplos/01-introduccion.feature
11:15:33.991 [main] INFO  com.intuit.karate.Runner - using system property 'karate.options': classpath:examples/ejemplos/01-introduccion.feature
11:15:34.209 [main] DEBUG com.intuit.karate.Suite - [config] classpath:karate-config.js
11:15:34.211 [main] INFO  com.intuit.karate.Suite - backed up existing 'target/karate-reports' dir to: target/karate-reports_1780478134210
11:15:34.714 [pool-2-thread-1] INFO  com.intuit.karate - karate.env system property was: null 
11:15:34.714 [pool-2-thread-5] INFO  com.intuit.karate - karate.env system property was: null 
11:15:34.714 [pool-2-thread-3] INFO  com.intuit.karate - karate.env system property was: null 
11:15:34.714 [pool-2-thread-4] INFO  com.intuit.karate - karate.env system property was: null 
11:15:34.714 [pool-2-thread-2] INFO  com.intuit.karate - karate.env system property was: null 
11:15:34.736 [pool-2-thread-1] INFO  com.intuit.karate - [print] Hola mundo 
11:15:34.736 [pool-2-thread-2] INFO  com.intuit.karate - Hola mundo 
11:15:34.739 [pool-2-thread-4] WARN  com.intuit.karate - El tiempo de respuesta es demasiado alto: 20s 
11:15:34.739 [pool-2-thread-3] ERROR com.intuit.karate - No se ha encontrado el recurso: /productos/1309 
11:15:34.741 [pool-2-thread-4] DEBUG com.intuit.karate - Token: eyJhbGciOiJIUzI1NiIsInR5cCI6IkpXVCJ9.eyJzdWIiOiIxMjM0NTY3ODkwIiwibmFtZSI6IkpvaG4gRG9lIiwiYWRtaW4iOnRydWUsImlhdCI6MTUxNjIzOTAyMn0.KMUFsIDTnFmyG3nMiGM6H9FNFUROf3wh7SmqJp-QV30 
11:15:34.751 [pool-2-thread-5] INFO  com.intuit.karate - Usuario:  {
  "nombre": "nombre",
  "apellido": "apellido",
  "edad": "edad",
  "activo": "activo",
  "hobbies": "hobbies",
  "direccion": "direccion"
}
 
11:15:35.025 [pool-3-thread-1] INFO  com.intuit.karate.Suite - <<pass>> feature 1 of 1 (0 remaining) classpath:examples/ejemplos/01-introduccion.feature
11:17:27.516 [main] INFO  com.intuit.karate.Runner - using system property 'karate.options': classpath:examples/ejemplos/01-introduccion.feature
11:17:27.744 [main] DEBUG com.intuit.karate.Suite - [config] classpath:karate-config.js
11:17:27.746 [main] INFO  com.intuit.karate.Suite - backed up existing 'target/karate-reports' dir to: target/karate-reports_1780478247745
11:17:28.233 [pool-2-thread-5] INFO  com.intuit.karate - karate.env system property was: null 
11:17:28.233 [pool-2-thread-3] INFO  com.intuit.karate - karate.env system property was: null 
11:17:28.233 [pool-2-thread-1] INFO  com.intuit.karate - karate.env system property was: null 
11:17:28.233 [pool-2-thread-4] INFO  com.intuit.karate - karate.env system property was: null 
11:17:28.233 [pool-2-thread-2] INFO  com.intuit.karate - karate.env system property was: null 
11:17:28.261 [pool-2-thread-1] INFO  com.intuit.karate - [print] Hola mundo 
11:17:28.263 [pool-2-thread-2] INFO  com.intuit.karate - Hola mundo 
11:17:28.268 [pool-2-thread-3] ERROR com.intuit.karate - No se ha encontrado el recurso: /productos/1309 
11:17:28.268 [pool-2-thread-4] WARN  com.intuit.karate - El tiempo de respuesta es demasiado alto: 20s 
11:17:28.270 [pool-2-thread-4] DEBUG com.intuit.karate - Token: eyJhbGciOiJIUzI1NiIsInR5cCI6IkpXVCJ9.eyJzdWIiOiIxMjM0NTY3ODkwIiwibmFtZSI6IkpvaG4gRG9lIiwiYWRtaW4iOnRydWUsImlhdCI6MTUxNjIzOTAyMn0.KMUFsIDTnFmyG3nMiGM6H9FNFUROf3wh7SmqJp-QV30 
11:17:28.280 [pool-2-thread-5] INFO  com.intuit.karate - Usuario:  {
  "nombreCompleto": "`${nombre"
}
 
11:17:28.527 [pool-3-thread-1] INFO  com.intuit.karate.Suite - <<pass>> feature 1 of 1 (0 remaining) classpath:examples/ejemplos/01-introduccion.feature
11:17:49.871 [main] INFO  com.intuit.karate.Runner - using system property 'karate.options': classpath:examples/ejemplos/01-introduccion.feature
11:17:50.120 [main] DEBUG com.intuit.karate.Suite - [config] classpath:karate-config.js
11:17:50.122 [main] INFO  com.intuit.karate.Suite - backed up existing 'target/karate-reports' dir to: target/karate-reports_1780478270121
11:17:50.631 [pool-2-thread-4] INFO  com.intuit.karate - karate.env system property was: null 
11:17:50.631 [pool-2-thread-1] INFO  com.intuit.karate - karate.env system property was: null 
11:17:50.631 [pool-2-thread-3] INFO  com.intuit.karate - karate.env system property was: null 
11:17:50.631 [pool-2-thread-2] INFO  com.intuit.karate - karate.env system property was: null 
11:17:50.631 [pool-2-thread-5] INFO  com.intuit.karate - karate.env system property was: null 
11:17:50.651 [pool-2-thread-1] INFO  com.intuit.karate - [print] Hola mundo 
11:17:50.652 [pool-2-thread-2] INFO  com.intuit.karate - Hola mundo 
11:17:50.655 [pool-2-thread-3] ERROR com.intuit.karate - No se ha encontrado el recurso: /productos/1309 
11:17:50.655 [pool-2-thread-4] WARN  com.intuit.karate - El tiempo de respuesta es demasiado alto: 20s 
11:17:50.657 [pool-2-thread-4] DEBUG com.intuit.karate - Token: eyJhbGciOiJIUzI1NiIsInR5cCI6IkpXVCJ9.eyJzdWIiOiIxMjM0NTY3ODkwIiwibmFtZSI6IkpvaG4gRG9lIiwiYWRtaW4iOnRydWUsImlhdCI6MTUxNjIzOTAyMn0.KMUFsIDTnFmyG3nMiGM6H9FNFUROf3wh7SmqJp-QV30 
11:17:50.670 [pool-2-thread-5] INFO  com.intuit.karate - Usuario:  {
  "nombreCompleto": "nombre",
  "edad": "edad",
  "activo": "activo",
  "hobbies": "hobbies",
  "direccion": "direccion"
}
 
11:17:50.919 [pool-3-thread-1] INFO  com.intuit.karate.Suite - <<pass>> feature 1 of 1 (0 remaining) classpath:examples/ejemplos/01-introduccion.feature
11:18:30.460 [main] INFO  com.intuit.karate.Runner - using system property 'karate.options': classpath:examples/ejemplos/01-introduccion.feature
11:18:30.690 [main] DEBUG com.intuit.karate.Suite - [config] classpath:karate-config.js
11:18:30.692 [main] INFO  com.intuit.karate.Suite - backed up existing 'target/karate-reports' dir to: target/karate-reports_1780478310691
11:18:31.195 [pool-2-thread-3] INFO  com.intuit.karate - karate.env system property was: null 
11:18:31.195 [pool-2-thread-1] INFO  com.intuit.karate - karate.env system property was: null 
11:18:31.195 [pool-2-thread-5] INFO  com.intuit.karate - karate.env system property was: null 
11:18:31.195 [pool-2-thread-4] INFO  com.intuit.karate - karate.env system property was: null 
11:18:31.195 [pool-2-thread-2] INFO  com.intuit.karate - karate.env system property was: null 
11:18:31.215 [pool-2-thread-1] INFO  com.intuit.karate - [print] Hola mundo 
11:18:31.215 [pool-2-thread-2] INFO  com.intuit.karate - Hola mundo 
11:18:31.218 [pool-2-thread-3] ERROR com.intuit.karate - No se ha encontrado el recurso: /productos/1309 
11:18:31.218 [pool-2-thread-4] WARN  com.intuit.karate - El tiempo de respuesta es demasiado alto: 20s 
11:18:31.220 [pool-2-thread-4] DEBUG com.intuit.karate - Token: eyJhbGciOiJIUzI1NiIsInR5cCI6IkpXVCJ9.eyJzdWIiOiIxMjM0NTY3ODkwIiwibmFtZSI6IkpvaG4gRG9lIiwiYWRtaW4iOnRydWUsImlhdCI6MTUxNjIzOTAyMn0.KMUFsIDTnFmyG3nMiGM6H9FNFUROf3wh7SmqJp-QV30 
11:18:31.233 [pool-2-thread-5] INFO  com.intuit.karate - Usuario:  {
  "nombreCompleto": "Charly",
  "edad": "edad",
  "activo": "activo",
  "hobbies": "hobbies",
  "direccion": "direccion"
}
 
11:18:31.504 [pool-3-thread-1] INFO  com.intuit.karate.Suite - <<pass>> feature 1 of 1 (0 remaining) classpath:examples/ejemplos/01-introduccion.feature
11:19:22.337 [main] INFO  com.intuit.karate.Runner - using system property 'karate.options': classpath:examples/ejemplos/01-introduccion.feature
11:19:22.546 [main] DEBUG com.intuit.karate.Suite - [config] classpath:karate-config.js
11:19:22.548 [main] INFO  com.intuit.karate.Suite - backed up existing 'target/karate-reports' dir to: target/karate-reports_1780478362547
11:19:23.025 [pool-2-thread-4] INFO  com.intuit.karate - karate.env system property was: null 
11:19:23.025 [pool-2-thread-3] INFO  com.intuit.karate - karate.env system property was: null 
11:19:23.025 [pool-2-thread-1] INFO  com.intuit.karate - karate.env system property was: null 
11:19:23.025 [pool-2-thread-2] INFO  com.intuit.karate - karate.env system property was: null 
11:19:23.025 [pool-2-thread-5] INFO  com.intuit.karate - karate.env system property was: null 
11:19:23.046 [pool-2-thread-1] INFO  com.intuit.karate - [print] Hola mundo 
11:19:23.047 [pool-2-thread-2] INFO  com.intuit.karate - Hola mundo 
11:19:23.050 [pool-2-thread-3] ERROR com.intuit.karate - No se ha encontrado el recurso: /productos/1309 
11:19:23.050 [pool-2-thread-4] WARN  com.intuit.karate - El tiempo de respuesta es demasiado alto: 20s 
11:19:23.052 [pool-2-thread-4] DEBUG com.intuit.karate - Token: eyJhbGciOiJIUzI1NiIsInR5cCI6IkpXVCJ9.eyJzdWIiOiIxMjM0NTY3ODkwIiwibmFtZSI6IkpvaG4gRG9lIiwiYWRtaW4iOnRydWUsImlhdCI6MTUxNjIzOTAyMn0.KMUFsIDTnFmyG3nMiGM6H9FNFUROf3wh7SmqJp-QV30 
11:19:23.064 [pool-2-thread-5] INFO  com.intuit.karate - Usuario:  {
  "nombreCompleto": "Charly",
  "edad": 39,
  "activo": false,
  "hobbies": [
    "leer",
    "motos",
    "escalada"
  ],
  "direccion": {
    "calle": "C/ Norte",
    "numero": 27,
    "ciudad": "Inventada"
  }
}
 
11:19:23.350 [pool-3-thread-1] INFO  com.intuit.karate.Suite - <<pass>> feature 1 of 1 (0 remaining) classpath:examples/ejemplos/01-introduccion.feature
11:20:32.847 [main] INFO  com.intuit.karate.Runner - using system property 'karate.options': classpath:examples/ejemplos/01-introduccion.feature
11:20:33.064 [main] DEBUG com.intuit.karate.Suite - [config] classpath:karate-config.js
11:20:33.066 [main] INFO  com.intuit.karate.Suite - backed up existing 'target/karate-reports' dir to: target/karate-reports_1780478433064
11:20:33.569 [pool-2-thread-3] INFO  com.intuit.karate - karate.env system property was: null 
11:20:33.569 [pool-2-thread-2] INFO  com.intuit.karate - karate.env system property was: null 
11:20:33.569 [pool-2-thread-4] INFO  com.intuit.karate - karate.env system property was: null 
11:20:33.569 [pool-2-thread-5] INFO  com.intuit.karate - karate.env system property was: null 
11:20:33.569 [pool-2-thread-1] INFO  com.intuit.karate - karate.env system property was: null 
11:20:33.590 [pool-2-thread-1] INFO  com.intuit.karate - [print] Hola mundo 
11:20:33.591 [pool-2-thread-2] INFO  com.intuit.karate - Hola mundo 
11:20:33.594 [pool-2-thread-4] WARN  com.intuit.karate - El tiempo de respuesta es demasiado alto: 20s 
11:20:33.594 [pool-2-thread-3] ERROR com.intuit.karate - No se ha encontrado el recurso: /productos/1309 
11:20:33.596 [pool-2-thread-4] DEBUG com.intuit.karate - Token: eyJhbGciOiJIUzI1NiIsInR5cCI6IkpXVCJ9.eyJzdWIiOiIxMjM0NTY3ODkwIiwibmFtZSI6IkpvaG4gRG9lIiwiYWRtaW4iOnRydWUsImlhdCI6MTUxNjIzOTAyMn0.KMUFsIDTnFmyG3nMiGM6H9FNFUROf3wh7SmqJp-QV30 
11:20:33.608 [pool-2-thread-5] INFO  com.intuit.karate - Usuario:  {
  "nombreCompleto": "Charly Falco",
  "edad": 39,
  "activo": false,
  "hobbies": [
    "leer",
    "motos",
    "escalada"
  ],
  "direccion": {
    "calle": "C/ Norte",
    "numero": 27,
    "ciudad": "Inventada"
  }
}
 
11:20:33.858 [pool-3-thread-1] INFO  com.intuit.karate.Suite - <<pass>> feature 1 of 1 (0 remaining) classpath:examples/ejemplos/01-introduccion.feature
11:24:44.892 [main] INFO  com.intuit.karate.Runner - using system property 'karate.options': classpath:examples/ejemplos/01-introduccion.feature
11:24:45.133 [main] DEBUG com.intuit.karate.Suite - [config] classpath:karate-config.js
11:24:45.134 [main] INFO  com.intuit.karate.Suite - backed up existing 'target/karate-reports' dir to: target/karate-reports_1780478685133
11:24:45.661 [pool-2-thread-5] INFO  com.intuit.karate - karate.env system property was: null 
11:24:45.661 [pool-2-thread-3] INFO  com.intuit.karate - karate.env system property was: null 
11:24:45.661 [pool-2-thread-1] INFO  com.intuit.karate - karate.env system property was: null 
11:24:45.661 [pool-2-thread-4] INFO  com.intuit.karate - karate.env system property was: null 
11:24:45.661 [pool-2-thread-2] INFO  com.intuit.karate - karate.env system property was: null 
11:24:45.689 [pool-2-thread-1] INFO  com.intuit.karate - [print] Hola mundo 
11:24:45.690 [pool-2-thread-2] INFO  com.intuit.karate - Hola mundo 
11:24:45.693 [pool-2-thread-3] ERROR com.intuit.karate - No se ha encontrado el recurso: /productos/1309 
11:24:45.693 [pool-2-thread-4] WARN  com.intuit.karate - El tiempo de respuesta es demasiado alto: 20s 
11:24:45.695 [pool-2-thread-4] DEBUG com.intuit.karate - Token: eyJhbGciOiJIUzI1NiIsInR5cCI6IkpXVCJ9.eyJzdWIiOiIxMjM0NTY3ODkwIiwibmFtZSI6IkpvaG4gRG9lIiwiYWRtaW4iOnRydWUsImlhdCI6MTUxNjIzOTAyMn0.KMUFsIDTnFmyG3nMiGM6H9FNFUROf3wh7SmqJp-QV30 
11:24:45.713 [pool-2-thread-5] INFO  com.intuit.karate - Usuario:  {
  "nombreCompleto": "Charly Falco",
  "edad": 39,
  "activo": false,
  "hobbies": [
    "leer",
    "motos",
    "escalada"
  ],
  "direccion": {
    "calle": "C/ Norte",
    "numero": 27,
    "ciudad": "Inventada"
  }
}
 
11:24:45.719 [pool-2-thread-5] ERROR com.intuit.karate - classpath:examples/ejemplos/01-introduccion.feature:43
And assert usuario.nombreCompleto = 'Charly Falco'
did not evaluate to 'true': usuario.nombreCompleto = 'Charly Falco'
classpath:examples/ejemplos/01-introduccion.feature:43
11:24:46.022 [pool-3-thread-1] INFO  com.intuit.karate.Suite - <<fail>> feature 1 of 1 (0 remaining) classpath:examples/ejemplos/01-introduccion.feature
11:25:10.691 [main] INFO  com.intuit.karate.Runner - using system property 'karate.options': classpath:examples/ejemplos/01-introduccion.feature
11:25:10.923 [main] DEBUG com.intuit.karate.Suite - [config] classpath:karate-config.js
11:25:10.924 [main] INFO  com.intuit.karate.Suite - backed up existing 'target/karate-reports' dir to: target/karate-reports_1780478710923
11:25:11.439 [pool-2-thread-5] INFO  com.intuit.karate - karate.env system property was: null 
11:25:11.439 [pool-2-thread-1] INFO  com.intuit.karate - karate.env system property was: null 
11:25:11.439 [pool-2-thread-2] INFO  com.intuit.karate - karate.env system property was: null 
11:25:11.439 [pool-2-thread-4] INFO  com.intuit.karate - karate.env system property was: null 
11:25:11.439 [pool-2-thread-3] INFO  com.intuit.karate - karate.env system property was: null 
11:25:11.470 [pool-2-thread-1] INFO  com.intuit.karate - [print] Hola mundo 
11:25:11.471 [pool-2-thread-2] INFO  com.intuit.karate - Hola mundo 
11:25:11.474 [pool-2-thread-4] WARN  com.intuit.karate - El tiempo de respuesta es demasiado alto: 20s 
11:25:11.474 [pool-2-thread-3] ERROR com.intuit.karate - No se ha encontrado el recurso: /productos/1309 
11:25:11.477 [pool-2-thread-4] DEBUG com.intuit.karate - Token: eyJhbGciOiJIUzI1NiIsInR5cCI6IkpXVCJ9.eyJzdWIiOiIxMjM0NTY3ODkwIiwibmFtZSI6IkpvaG4gRG9lIiwiYWRtaW4iOnRydWUsImlhdCI6MTUxNjIzOTAyMn0.KMUFsIDTnFmyG3nMiGM6H9FNFUROf3wh7SmqJp-QV30 
11:25:11.497 [pool-2-thread-5] INFO  com.intuit.karate - Usuario:  {
  "nombreCompleto": "Charly Falco",
  "edad": 39,
  "activo": false,
  "hobbies": [
    "leer",
    "motos",
    "escalada"
  ],
  "direccion": {
    "calle": "C/ Norte",
    "numero": 27,
    "ciudad": "Inventada"
  }
}
 
11:25:11.506 [pool-2-thread-5] ERROR com.intuit.karate - classpath:examples/ejemplos/01-introduccion.feature:43
And match usuario.nombreCompleto = 'Charly Falco'
syntax error, expected '==' for match
classpath:examples/ejemplos/01-introduccion.feature:43
11:25:11.881 [pool-3-thread-1] INFO  com.intuit.karate.Suite - <<fail>> feature 1 of 1 (0 remaining) classpath:examples/ejemplos/01-introduccion.feature
11:25:39.322 [main] INFO  com.intuit.karate.Runner - using system property 'karate.options': classpath:examples/ejemplos/01-introduccion.feature
11:25:39.578 [main] DEBUG com.intuit.karate.Suite - [config] classpath:karate-config.js
11:25:39.580 [main] INFO  com.intuit.karate.Suite - backed up existing 'target/karate-reports' dir to: target/karate-reports_1780478739578
11:25:40.092 [pool-2-thread-2] INFO  com.intuit.karate - karate.env system property was: null 
11:25:40.092 [pool-2-thread-1] INFO  com.intuit.karate - karate.env system property was: null 
11:25:40.092 [pool-2-thread-3] INFO  com.intuit.karate - karate.env system property was: null 
11:25:40.092 [pool-2-thread-4] INFO  com.intuit.karate - karate.env system property was: null 
11:25:40.093 [pool-2-thread-5] INFO  com.intuit.karate - karate.env system property was: null 
11:25:40.119 [pool-2-thread-1] INFO  com.intuit.karate - [print] Hola mundo 
11:25:40.120 [pool-2-thread-2] INFO  com.intuit.karate - Hola mundo 
11:25:40.122 [pool-2-thread-3] ERROR com.intuit.karate - No se ha encontrado el recurso: /productos/1309 
11:25:40.122 [pool-2-thread-4] WARN  com.intuit.karate - El tiempo de respuesta es demasiado alto: 20s 
11:25:40.124 [pool-2-thread-4] DEBUG com.intuit.karate - Token: eyJhbGciOiJIUzI1NiIsInR5cCI6IkpXVCJ9.eyJzdWIiOiIxMjM0NTY3ODkwIiwibmFtZSI6IkpvaG4gRG9lIiwiYWRtaW4iOnRydWUsImlhdCI6MTUxNjIzOTAyMn0.KMUFsIDTnFmyG3nMiGM6H9FNFUROf3wh7SmqJp-QV30 
11:25:40.138 [pool-2-thread-5] INFO  com.intuit.karate - Usuario:  {
  "nombreCompleto": "Charly Falco",
  "edad": 39,
  "activo": false,
  "hobbies": [
    "leer",
    "motos",
    "escalada"
  ],
  "direccion": {
    "calle": "C/ Norte",
    "numero": 27,
    "ciudad": "Inventada"
  }
}
 
11:25:40.524 [pool-3-thread-1] INFO  com.intuit.karate.Suite - <<pass>> feature 1 of 1 (0 remaining) classpath:examples/ejemplos/01-introduccion.feature
11:26:14.034 [main] INFO  com.intuit.karate.Runner - using system property 'karate.options': classpath:examples/ejemplos/01-introduccion.feature
11:26:14.260 [main] DEBUG com.intuit.karate.Suite - [config] classpath:karate-config.js
11:26:14.262 [main] INFO  com.intuit.karate.Suite - backed up existing 'target/karate-reports' dir to: target/karate-reports_1780478774260
11:26:14.666 [pool-2-thread-4] INFO  com.intuit.karate - karate.env system property was: null 
11:26:14.667 [pool-2-thread-2] INFO  com.intuit.karate - karate.env system property was: null 
11:26:14.667 [pool-2-thread-5] INFO  com.intuit.karate - karate.env system property was: null 
11:26:14.666 [pool-2-thread-1] INFO  com.intuit.karate - karate.env system property was: null 
11:26:14.666 [pool-2-thread-3] INFO  com.intuit.karate - karate.env system property was: null 
11:26:14.692 [pool-2-thread-1] INFO  com.intuit.karate - [print] Hola mundo 
11:26:14.693 [pool-2-thread-2] INFO  com.intuit.karate - Hola mundo 
11:26:14.695 [pool-2-thread-4] WARN  com.intuit.karate - El tiempo de respuesta es demasiado alto: 20s 
11:26:14.695 [pool-2-thread-3] ERROR com.intuit.karate - No se ha encontrado el recurso: /productos/1309 
11:26:14.696 [pool-2-thread-4] DEBUG com.intuit.karate - Token: eyJhbGciOiJIUzI1NiIsInR5cCI6IkpXVCJ9.eyJzdWIiOiIxMjM0NTY3ODkwIiwibmFtZSI6IkpvaG4gRG9lIiwiYWRtaW4iOnRydWUsImlhdCI6MTUxNjIzOTAyMn0.KMUFsIDTnFmyG3nMiGM6H9FNFUROf3wh7SmqJp-QV30 
11:26:14.710 [pool-2-thread-5] INFO  com.intuit.karate - Usuario:  {
  "nombreCompleto": "Charly Falco",
  "edad": 39,
  "activo": false,
  "hobbies": [
    "leer",
    "motos",
    "escalada"
  ],
  "direccion": {
    "calle": "C/ Norte",
    "numero": 27,
    "ciudad": "Inventada"
  }
}
 
11:26:14.720 [pool-2-thread-5] ERROR com.intuit.karate - classpath:examples/ejemplos/01-introduccion.feature:44
And match hobbies.length == 3
match failed: EQUALS
  $ | actual path does not exist (STRING:NUMBER)
  '#notpresent'
  3

classpath:examples/ejemplos/01-introduccion.feature:44
11:26:15.004 [pool-3-thread-1] INFO  com.intuit.karate.Suite - <<fail>> feature 1 of 1 (0 remaining) classpath:examples/ejemplos/01-introduccion.feature
11:30:34.102 [main] INFO  com.intuit.karate.Runner - using system property 'karate.options': classpath:examples/ejemplos/01-introduccion.feature
11:30:34.320 [main] DEBUG com.intuit.karate.Suite - [config] classpath:karate-config.js
11:30:34.321 [main] INFO  com.intuit.karate.Suite - backed up existing 'target/karate-reports' dir to: target/karate-reports_1780479034320
11:30:34.757 [pool-2-thread-2] INFO  com.intuit.karate - karate.env system property was: null 
11:30:34.757 [pool-2-thread-1] INFO  com.intuit.karate - karate.env system property was: null 
11:30:34.757 [pool-2-thread-4] INFO  com.intuit.karate - karate.env system property was: null 
11:30:34.757 [pool-2-thread-5] INFO  com.intuit.karate - karate.env system property was: null 
11:30:34.757 [pool-2-thread-3] INFO  com.intuit.karate - karate.env system property was: null 
11:30:34.778 [pool-2-thread-1] INFO  com.intuit.karate - [print] Hola mundo 
11:30:34.779 [pool-2-thread-2] INFO  com.intuit.karate - Hola mundo 
11:30:34.783 [pool-2-thread-3] ERROR com.intuit.karate - No se ha encontrado el recurso: /productos/1309 
11:30:34.783 [pool-2-thread-4] WARN  com.intuit.karate - El tiempo de respuesta es demasiado alto: 20s 
11:30:34.787 [pool-2-thread-4] DEBUG com.intuit.karate - Token: eyJhbGciOiJIUzI1NiIsInR5cCI6IkpXVCJ9.eyJzdWIiOiIxMjM0NTY3ODkwIiwibmFtZSI6IkpvaG4gRG9lIiwiYWRtaW4iOnRydWUsImlhdCI6MTUxNjIzOTAyMn0.KMUFsIDTnFmyG3nMiGM6H9FNFUROf3wh7SmqJp-QV30 
11:30:34.803 [pool-2-thread-5] INFO  com.intuit.karate - Usuario:  {
  "nombreCompleto": "Charly Falco",
  "edad": 39,
  "activo": false,
  "hobbies": [
    "leer",
    "motos",
    "escalada"
  ],
  "direccion": {
    "calle": "C/ Norte",
    "numero": 27,
    "ciudad": "Inventada"
  }
}
 
11:30:35.097 [pool-3-thread-1] INFO  com.intuit.karate.Suite - <<pass>> feature 1 of 1 (0 remaining) classpath:examples/ejemplos/01-introduccion.feature
11:31:04.787 [main] INFO  com.intuit.karate.Runner - using system property 'karate.options': classpath:examples/ejemplos/01-introduccion.feature
11:31:05.050 [main] DEBUG com.intuit.karate.Suite - [config] classpath:karate-config.js
11:31:05.052 [main] INFO  com.intuit.karate.Suite - backed up existing 'target/karate-reports' dir to: target/karate-reports_1780479065051
11:31:05.505 [pool-2-thread-1] INFO  com.intuit.karate - karate.env system property was: null 
11:31:05.505 [pool-2-thread-3] INFO  com.intuit.karate - karate.env system property was: null 
11:31:05.505 [pool-2-thread-4] INFO  com.intuit.karate - karate.env system property was: null 
11:31:05.505 [pool-2-thread-5] INFO  com.intuit.karate - karate.env system property was: null 
11:31:05.505 [pool-2-thread-2] INFO  com.intuit.karate - karate.env system property was: null 
11:31:05.537 [pool-2-thread-1] INFO  com.intuit.karate - [print] Hola mundo 
11:31:05.538 [pool-2-thread-2] INFO  com.intuit.karate - Hola mundo 
11:31:05.542 [pool-2-thread-3] ERROR com.intuit.karate - No se ha encontrado el recurso: /productos/1309 
11:31:05.542 [pool-2-thread-4] WARN  com.intuit.karate - El tiempo de respuesta es demasiado alto: 20s 
11:31:05.544 [pool-2-thread-4] DEBUG com.intuit.karate - Token: eyJhbGciOiJIUzI1NiIsInR5cCI6IkpXVCJ9.eyJzdWIiOiIxMjM0NTY3ODkwIiwibmFtZSI6IkpvaG4gRG9lIiwiYWRtaW4iOnRydWUsImlhdCI6MTUxNjIzOTAyMn0.KMUFsIDTnFmyG3nMiGM6H9FNFUROf3wh7SmqJp-QV30 
11:31:05.560 [pool-2-thread-5] INFO  com.intuit.karate - Usuario:  {
  "nombreCompleto": "Charly Falco",
  "edad": 39,
  "activo": false,
  "hobbies": [
    "leer",
    "motos",
    "escalada"
  ],
  "direccion": {
    "calle": "C/ Norte",
    "numero": 27,
    "ciudad": "Inventada"
  }
}
 
11:31:05.571 [pool-2-thread-5] ERROR com.intuit.karate - classpath:examples/ejemplos/01-introduccion.feature:44
And match hobbies.length == 3
match failed: EQUALS
  $ | actual path does not exist (STRING:NUMBER)
  '#notpresent'
  3

classpath:examples/ejemplos/01-introduccion.feature:44
11:31:05.833 [pool-3-thread-1] INFO  com.intuit.karate.Suite - <<fail>> feature 1 of 1 (0 remaining) classpath:examples/ejemplos/01-introduccion.feature
11:33:45.992 [main] INFO  com.intuit.karate.Runner - using system property 'karate.options': classpath:examples/ejemplos/01-introduccion.feature
11:33:46.199 [main] DEBUG com.intuit.karate.Suite - [config] classpath:karate-config.js
11:33:46.201 [main] INFO  com.intuit.karate.Suite - backed up existing 'target/karate-reports' dir to: target/karate-reports_1780479226200
11:33:46.659 [pool-2-thread-5] INFO  com.intuit.karate - karate.env system property was: null 
11:33:46.659 [pool-2-thread-1] INFO  com.intuit.karate - karate.env system property was: null 
11:33:46.659 [pool-2-thread-2] INFO  com.intuit.karate - karate.env system property was: null 
11:33:46.659 [pool-2-thread-3] INFO  com.intuit.karate - karate.env system property was: null 
11:33:46.659 [pool-2-thread-4] INFO  com.intuit.karate - karate.env system property was: null 
11:33:46.678 [pool-2-thread-1] INFO  com.intuit.karate - [print] Hola mundo 
11:33:46.679 [pool-2-thread-2] INFO  com.intuit.karate - Hola mundo 
11:33:46.683 [pool-2-thread-4] WARN  com.intuit.karate - El tiempo de respuesta es demasiado alto: 20s 
11:33:46.683 [pool-2-thread-3] ERROR com.intuit.karate - No se ha encontrado el recurso: /productos/1309 
11:33:46.685 [pool-2-thread-4] DEBUG com.intuit.karate - Token: eyJhbGciOiJIUzI1NiIsInR5cCI6IkpXVCJ9.eyJzdWIiOiIxMjM0NTY3ODkwIiwibmFtZSI6IkpvaG4gRG9lIiwiYWRtaW4iOnRydWUsImlhdCI6MTUxNjIzOTAyMn0.KMUFsIDTnFmyG3nMiGM6H9FNFUROf3wh7SmqJp-QV30 
11:33:46.699 [pool-2-thread-5] INFO  com.intuit.karate - Usuario:  {
  "nombreCompleto": "Charly Falco",
  "edad": 39,
  "activo": false,
  "hobbies": [
    "leer",
    "motos",
    "escalada"
  ],
  "direccion": {
    "calle": "C/ Norte",
    "numero": 27,
    "ciudad": "Inventada"
  }
}
 
11:33:47.029 [pool-3-thread-1] INFO  com.intuit.karate.Suite - <<pass>> feature 1 of 1 (0 remaining) classpath:examples/ejemplos/01-introduccion.feature
11:36:14.890 [main] INFO  com.intuit.karate.Runner - using system property 'karate.options': classpath:examples/ejemplos/01-introduccion.feature
11:36:15.153 [main] DEBUG com.intuit.karate.Suite - [config] classpath:karate-config.js
11:36:15.156 [main] INFO  com.intuit.karate.Suite - backed up existing 'target/karate-reports' dir to: target/karate-reports_1780479375154
11:36:15.690 [pool-2-thread-3] INFO  com.intuit.karate - karate.env system property was: null 
11:36:15.690 [pool-2-thread-2] INFO  com.intuit.karate - karate.env system property was: null 
11:36:15.690 [pool-2-thread-5] INFO  com.intuit.karate - karate.env system property was: null 
11:36:15.690 [pool-2-thread-4] INFO  com.intuit.karate - karate.env system property was: null 
11:36:15.690 [pool-2-thread-1] INFO  com.intuit.karate - karate.env system property was: null 
11:36:15.724 [pool-2-thread-1] INFO  com.intuit.karate - [print] Hola mundo 
11:36:15.725 [pool-2-thread-2] INFO  com.intuit.karate - Hola mundo 
11:36:15.730 [pool-2-thread-3] ERROR com.intuit.karate - No se ha encontrado el recurso: /productos/1309 
11:36:15.730 [pool-2-thread-4] WARN  com.intuit.karate - El tiempo de respuesta es demasiado alto: 20s 
11:36:15.733 [pool-2-thread-4] DEBUG com.intuit.karate - Token: eyJhbGciOiJIUzI1NiIsInR5cCI6IkpXVCJ9.eyJzdWIiOiIxMjM0NTY3ODkwIiwibmFtZSI6IkpvaG4gRG9lIiwiYWRtaW4iOnRydWUsImlhdCI6MTUxNjIzOTAyMn0.KMUFsIDTnFmyG3nMiGM6H9FNFUROf3wh7SmqJp-QV30 
11:36:15.755 [pool-2-thread-5] INFO  com.intuit.karate - Usuario:  {
  "nombreCompleto": "Charly Falco",
  "edad": "39",
  "activo": false,
  "hobbies": [
    "leer",
    "motos",
    "escalada"
  ],
  "direccion": {
    "calle": "C/ Norte",
    "numero": 27,
    "ciudad": "Inventada"
  }
}
 
11:36:15.770 [pool-2-thread-5] ERROR com.intuit.karate - classpath:examples/ejemplos/01-introduccion.feature:42
And match usuario.edad == 39
match failed: EQUALS
  $ | data types don't match (STRING:NUMBER)
  '39'
  39

classpath:examples/ejemplos/01-introduccion.feature:42
11:36:16.094 [pool-3-thread-1] INFO  com.intuit.karate.Suite - <<fail>> feature 1 of 1 (0 remaining) classpath:examples/ejemplos/01-introduccion.feature
11:36:37.615 [main] INFO  com.intuit.karate.Runner - using system property 'karate.options': classpath:examples/ejemplos/01-introduccion.feature
11:36:37.857 [main] DEBUG com.intuit.karate.Suite - [config] classpath:karate-config.js
11:36:37.859 [main] INFO  com.intuit.karate.Suite - backed up existing 'target/karate-reports' dir to: target/karate-reports_1780479397858
11:36:38.309 [pool-2-thread-1] INFO  com.intuit.karate - karate.env system property was: null 
11:36:38.309 [pool-2-thread-4] INFO  com.intuit.karate - karate.env system property was: null 
11:36:38.309 [pool-2-thread-5] INFO  com.intuit.karate - karate.env system property was: null 
11:36:38.309 [pool-2-thread-2] INFO  com.intuit.karate - karate.env system property was: null 
11:36:38.309 [pool-2-thread-3] INFO  com.intuit.karate - karate.env system property was: null 
11:36:38.335 [pool-2-thread-1] INFO  com.intuit.karate - [print] Hola mundo 
11:36:38.335 [pool-2-thread-2] INFO  com.intuit.karate - Hola mundo 
11:36:38.337 [pool-2-thread-3] ERROR com.intuit.karate - No se ha encontrado el recurso: /productos/1309 
11:36:38.337 [pool-2-thread-4] WARN  com.intuit.karate - El tiempo de respuesta es demasiado alto: 20s 
11:36:38.339 [pool-2-thread-4] DEBUG com.intuit.karate - Token: eyJhbGciOiJIUzI1NiIsInR5cCI6IkpXVCJ9.eyJzdWIiOiIxMjM0NTY3ODkwIiwibmFtZSI6IkpvaG4gRG9lIiwiYWRtaW4iOnRydWUsImlhdCI6MTUxNjIzOTAyMn0.KMUFsIDTnFmyG3nMiGM6H9FNFUROf3wh7SmqJp-QV30 
11:36:38.356 [pool-2-thread-5] INFO  com.intuit.karate - Usuario:  {
  "nombreCompleto": "Charly Falco",
  "edad": "39!",
  "activo": false,
  "hobbies": [
    "leer",
    "motos",
    "escalada"
  ],
  "direccion": {
    "calle": "C/ Norte",
    "numero": 27,
    "ciudad": "Inventada"
  }
}
 
11:36:38.364 [pool-2-thread-5] ERROR com.intuit.karate - classpath:examples/ejemplos/01-introduccion.feature:42
And match usuario.edad == 39
match failed: EQUALS
  $ | data types don't match (STRING:NUMBER)
  '39!'
  39

classpath:examples/ejemplos/01-introduccion.feature:42
11:36:38.608 [pool-3-thread-1] INFO  com.intuit.karate.Suite - <<fail>> feature 1 of 1 (0 remaining) classpath:examples/ejemplos/01-introduccion.feature
12:09:58.053 [main] INFO  com.intuit.karate.Runner - using system property 'karate.options': classpath:examples/ejemplos/01-introduccion.feature
12:09:58.330 [main] DEBUG com.intuit.karate.Suite - [config] classpath:karate-config.js
12:09:58.332 [main] INFO  com.intuit.karate.Suite - backed up existing 'target/karate-reports' dir to: target/karate-reports_1780481398330
12:09:58.945 [pool-2-thread-2] INFO  com.intuit.karate - karate.env system property was: null 
12:09:58.945 [pool-2-thread-3] INFO  com.intuit.karate - karate.env system property was: null 
12:09:58.945 [pool-2-thread-5] INFO  com.intuit.karate - karate.env system property was: null 
12:09:58.945 [pool-2-thread-4] INFO  com.intuit.karate - karate.env system property was: null 
12:09:58.945 [pool-2-thread-1] INFO  com.intuit.karate - karate.env system property was: null 
12:09:58.969 [pool-2-thread-1] INFO  com.intuit.karate - [print] Hola mundo 
12:09:58.970 [pool-2-thread-2] INFO  com.intuit.karate - Hola mundo 
12:09:58.973 [pool-2-thread-3] ERROR com.intuit.karate - No se ha encontrado el recurso: /productos/1309 
12:09:58.973 [pool-2-thread-4] WARN  com.intuit.karate - El tiempo de respuesta es demasiado alto: 20s 
12:09:58.976 [pool-2-thread-4] DEBUG com.intuit.karate - Token: eyJhbGciOiJIUzI1NiIsInR5cCI6IkpXVCJ9.eyJzdWIiOiIxMjM0NTY3ODkwIiwibmFtZSI6IkpvaG4gRG9lIiwiYWRtaW4iOnRydWUsImlhdCI6MTUxNjIzOTAyMn0.KMUFsIDTnFmyG3nMiGM6H9FNFUROf3wh7SmqJp-QV30 
12:09:58.999 [pool-2-thread-5] INFO  com.intuit.karate - Usuario:  {
  "nombreCompleto": "#(nombre +  \" + apellido)",
  "edad": 39,
  "activo": false,
  "hobbies": [
    "leer",
    "motos",
    "escalada"
  ],
  "direccion": {
    "calle": "C/ Norte",
    "numero": 27,
    "ciudad": "Inventada"
  }
}
 
12:09:59.008 [pool-2-thread-5] ERROR com.intuit.karate - classpath:examples/ejemplos/01-introduccion.feature:43
And match usuario.nombreCompleto == 'Charly Falco'
match failed: EQUALS
  $ | not equal (STRING:STRING)
  '#(nombre +  " + apellido)'
  'Charly Falco'

classpath:examples/ejemplos/01-introduccion.feature:43
12:09:59.336 [pool-3-thread-1] INFO  com.intuit.karate.Suite - <<fail>> feature 1 of 1 (0 remaining) classpath:examples/ejemplos/01-introduccion.feature
12:10:39.922 [main] INFO  com.intuit.karate.Runner - using system property 'karate.options': classpath:examples/ejemplos/01-introduccion.feature
12:10:40.150 [main] DEBUG com.intuit.karate.Suite - [config] classpath:karate-config.js
12:10:40.151 [main] INFO  com.intuit.karate.Suite - backed up existing 'target/karate-reports' dir to: target/karate-reports_1780481440150
12:10:40.744 [pool-2-thread-4] INFO  com.intuit.karate - karate.env system property was: null 
12:10:40.744 [pool-2-thread-3] INFO  com.intuit.karate - karate.env system property was: null 
12:10:40.744 [pool-2-thread-2] INFO  com.intuit.karate - karate.env system property was: null 
12:10:40.744 [pool-2-thread-5] INFO  com.intuit.karate - karate.env system property was: null 
12:10:40.744 [pool-2-thread-1] INFO  com.intuit.karate - karate.env system property was: null 
12:10:40.794 [pool-2-thread-1] INFO  com.intuit.karate - [print] Hola mundo 
12:10:40.794 [pool-2-thread-2] INFO  com.intuit.karate - Hola mundo 
12:10:40.798 [pool-2-thread-3] ERROR com.intuit.karate - No se ha encontrado el recurso: /productos/1309 
12:10:40.798 [pool-2-thread-4] WARN  com.intuit.karate - El tiempo de respuesta es demasiado alto: 20s 
12:10:40.800 [pool-2-thread-4] DEBUG com.intuit.karate - Token: eyJhbGciOiJIUzI1NiIsInR5cCI6IkpXVCJ9.eyJzdWIiOiIxMjM0NTY3ODkwIiwibmFtZSI6IkpvaG4gRG9lIiwiYWRtaW4iOnRydWUsImlhdCI6MTUxNjIzOTAyMn0.KMUFsIDTnFmyG3nMiGM6H9FNFUROf3wh7SmqJp-QV30 
12:10:40.822 [pool-2-thread-5] INFO  com.intuit.karate - Usuario:  {
  "nombreCompleto": "#(nombre) + \" \" + #(apellido)",
  "edad": 39,
  "activo": false,
  "hobbies": [
    "leer",
    "motos",
    "escalada"
  ],
  "direccion": {
    "calle": "C/ Norte",
    "numero": 27,
    "ciudad": "Inventada"
  }
}
 
12:10:40.831 [pool-2-thread-5] ERROR com.intuit.karate - classpath:examples/ejemplos/01-introduccion.feature:43
And match usuario.nombreCompleto == 'Charly Falco'
match failed: EQUALS
  $ | not equal (STRING:STRING)
  '#(nombre) + " " + #(apellido)'
  'Charly Falco'

classpath:examples/ejemplos/01-introduccion.feature:43
12:10:41.120 [pool-3-thread-1] INFO  com.intuit.karate.Suite - <<fail>> feature 1 of 1 (0 remaining) classpath:examples/ejemplos/01-introduccion.feature
12:11:33.967 [main] INFO  com.intuit.karate.Runner - using system property 'karate.options': classpath:examples/ejemplos/01-introduccion.feature
12:11:34.168 [main] DEBUG com.intuit.karate.Suite - [config] classpath:karate-config.js
12:11:34.170 [main] INFO  com.intuit.karate.Suite - backed up existing 'target/karate-reports' dir to: target/karate-reports_1780481494169
12:11:34.613 [pool-2-thread-1] INFO  com.intuit.karate - karate.env system property was: null 
12:11:34.613 [pool-2-thread-3] INFO  com.intuit.karate - karate.env system property was: null 
12:11:34.613 [pool-2-thread-4] INFO  com.intuit.karate - karate.env system property was: null 
12:11:34.613 [pool-2-thread-5] INFO  com.intuit.karate - karate.env system property was: null 
12:11:34.613 [pool-2-thread-2] INFO  com.intuit.karate - karate.env system property was: null 
12:11:34.638 [pool-2-thread-1] INFO  com.intuit.karate - [print] Hola mundo 
12:11:34.639 [pool-2-thread-2] INFO  com.intuit.karate - Hola mundo 
12:11:34.642 [pool-2-thread-3] ERROR com.intuit.karate - No se ha encontrado el recurso: /productos/1309 
12:11:34.642 [pool-2-thread-4] WARN  com.intuit.karate - El tiempo de respuesta es demasiado alto: 20s 
12:11:34.644 [pool-2-thread-4] DEBUG com.intuit.karate - Token: eyJhbGciOiJIUzI1NiIsInR5cCI6IkpXVCJ9.eyJzdWIiOiIxMjM0NTY3ODkwIiwibmFtZSI6IkpvaG4gRG9lIiwiYWRtaW4iOnRydWUsImlhdCI6MTUxNjIzOTAyMn0.KMUFsIDTnFmyG3nMiGM6H9FNFUROf3wh7SmqJp-QV30 
12:11:34.659 [pool-2-thread-5] INFO  com.intuit.karate - Usuario:  {
  "nombreCompleto": "Charly Falco",
  "edad": 39,
  "activo": false,
  "hobbies": [
    "leer",
    "motos",
    "escalada"
  ],
  "direccion": {
    "calle": "C/ Norte",
    "numero": 27,
    "ciudad": "Inventada"
  }
}
 
12:11:34.973 [pool-3-thread-1] INFO  com.intuit.karate.Suite - <<pass>> feature 1 of 1 (0 remaining) classpath:examples/ejemplos/01-introduccion.feature
12:11:46.906 [main] INFO  com.intuit.karate.Runner - using system property 'karate.options': classpath:examples/ejemplos/01-introduccion.feature
12:11:47.116 [main] DEBUG com.intuit.karate.Suite - [config] classpath:karate-config.js
12:11:47.117 [main] INFO  com.intuit.karate.Suite - backed up existing 'target/karate-reports' dir to: target/karate-reports_1780481507116
12:11:47.506 [pool-2-thread-1] INFO  com.intuit.karate - karate.env system property was: null 
12:11:47.506 [pool-2-thread-3] INFO  com.intuit.karate - karate.env system property was: null 
12:11:47.506 [pool-2-thread-4] INFO  com.intuit.karate - karate.env system property was: null 
12:11:47.506 [pool-2-thread-5] INFO  com.intuit.karate - karate.env system property was: null 
12:11:47.506 [pool-2-thread-2] INFO  com.intuit.karate - karate.env system property was: null 
12:11:47.526 [pool-2-thread-1] INFO  com.intuit.karate - [print] Hola mundo 
12:11:47.527 [pool-2-thread-2] INFO  com.intuit.karate - Hola mundo 
12:11:47.529 [pool-2-thread-4] WARN  com.intuit.karate - El tiempo de respuesta es demasiado alto: 20s 
12:11:47.529 [pool-2-thread-3] ERROR com.intuit.karate - No se ha encontrado el recurso: /productos/1309 
12:11:47.530 [pool-2-thread-4] DEBUG com.intuit.karate - Token: eyJhbGciOiJIUzI1NiIsInR5cCI6IkpXVCJ9.eyJzdWIiOiIxMjM0NTY3ODkwIiwibmFtZSI6IkpvaG4gRG9lIiwiYWRtaW4iOnRydWUsImlhdCI6MTUxNjIzOTAyMn0.KMUFsIDTnFmyG3nMiGM6H9FNFUROf3wh7SmqJp-QV30 
12:11:47.541 [pool-2-thread-5] INFO  com.intuit.karate - Usuario:  {
  "nombreCompleto": "Charly Falco",
  "edad": 39,
  "activo": false,
  "hobbies": [
    "leer",
    "motos",
    "escalada"
  ],
  "direccion": {
    "calle": "C/ Norte",
    "numero": 27,
    "ciudad": "Inventada"
  }
}
 
12:11:47.549 [pool-2-thread-5] ERROR com.intuit.karate - classpath:examples/ejemplos/01-introduccion.feature:48
And match usuario.hobbies == ['leer', 'motos', 'escalada', 'cocinar']
match failed: EQUALS
  $ | not equal | actual array length is not equal to expected - 3:4 (LIST:LIST)
  ["leer","motos","escalada"]
  ["leer","motos","escalada","cocinar"]


classpath:examples/ejemplos/01-introduccion.feature:48
12:11:47.788 [pool-3-thread-1] INFO  com.intuit.karate.Suite - <<fail>> feature 1 of 1 (0 remaining) classpath:examples/ejemplos/01-introduccion.feature
12:15:01.768 [main] INFO  com.intuit.karate.Runner - using system property 'karate.options': classpath:examples/ejemplos/01-introduccion.feature
12:15:01.978 [main] DEBUG com.intuit.karate.Suite - [config] classpath:karate-config.js
12:15:01.979 [main] INFO  com.intuit.karate.Suite - backed up existing 'target/karate-reports' dir to: target/karate-reports_1780481701978
12:15:02.371 [pool-2-thread-2] INFO  com.intuit.karate - karate.env system property was: null 
12:15:02.371 [pool-2-thread-5] INFO  com.intuit.karate - karate.env system property was: null 
12:15:02.371 [pool-2-thread-3] INFO  com.intuit.karate - karate.env system property was: null 
12:15:02.371 [pool-2-thread-4] INFO  com.intuit.karate - karate.env system property was: null 
12:15:02.371 [pool-2-thread-1] INFO  com.intuit.karate - karate.env system property was: null 
12:15:02.392 [pool-2-thread-1] INFO  com.intuit.karate - [print] Hola mundo 
12:15:02.392 [pool-2-thread-2] INFO  com.intuit.karate - Hola mundo 
12:15:02.395 [pool-2-thread-3] ERROR com.intuit.karate - No se ha encontrado el recurso: /productos/1309 
12:15:02.395 [pool-2-thread-4] WARN  com.intuit.karate - El tiempo de respuesta es demasiado alto: 20s 
12:15:02.395 [pool-2-thread-1] INFO  com.intuit.karate - karate.env system property was: null 
12:15:02.396 [pool-2-thread-4] DEBUG com.intuit.karate - Token: eyJhbGciOiJIUzI1NiIsInR5cCI6IkpXVCJ9.eyJzdWIiOiIxMjM0NTY3ODkwIiwibmFtZSI6IkpvaG4gRG9lIiwiYWRtaW4iOnRydWUsImlhdCI6MTUxNjIzOTAyMn0.KMUFsIDTnFmyG3nMiGM6H9FNFUROf3wh7SmqJp-QV30 
12:15:02.397 [pool-2-thread-1] INFO  com.intuit.karate - [print] URL de la API:  http://localhost:3000 
12:15:02.411 [pool-2-thread-5] INFO  com.intuit.karate - Usuario:  {
  "nombreCompleto": "Charly Falco",
  "edad": 39,
  "activo": false,
  "hobbies": [
    "leer",
    "motos",
    "escalada"
  ],
  "direccion": {
    "calle": "C/ Norte",
    "numero": 27,
    "ciudad": "Inventada"
  }
}
 
12:15:02.681 [pool-3-thread-1] INFO  com.intuit.karate.Suite - <<pass>> feature 1 of 1 (0 remaining) classpath:examples/ejemplos/01-introduccion.feature
12:15:34.069 [main] INFO  com.intuit.karate.Runner - using system property 'karate.options': classpath:examples/ejemplos/01-introduccion.feature
12:15:34.316 [main] DEBUG com.intuit.karate.Suite - [config] classpath:karate-config.js
12:15:34.319 [main] INFO  com.intuit.karate.Suite - backed up existing 'target/karate-reports' dir to: target/karate-reports_1780481734317
12:15:34.912 [pool-2-thread-4] INFO  com.intuit.karate - karate.env system property was: null 
12:15:34.912 [pool-2-thread-3] INFO  com.intuit.karate - karate.env system property was: null 
12:15:34.912 [pool-2-thread-1] INFO  com.intuit.karate - karate.env system property was: null 
12:15:34.912 [pool-2-thread-5] INFO  com.intuit.karate - karate.env system property was: null 
12:15:34.912 [pool-2-thread-2] INFO  com.intuit.karate - karate.env system property was: null 
12:15:34.936 [pool-2-thread-1] INFO  com.intuit.karate - [print] Hola mundo 
12:15:34.937 [pool-2-thread-2] INFO  com.intuit.karate - Hola mundo 
12:15:34.940 [pool-2-thread-4] WARN  com.intuit.karate - El tiempo de respuesta es demasiado alto: 20s 
12:15:34.940 [pool-2-thread-3] ERROR com.intuit.karate - No se ha encontrado el recurso: /productos/1309 
12:15:34.940 [pool-2-thread-1] INFO  com.intuit.karate - karate.env system property was: null 
12:15:34.942 [pool-2-thread-1] DEBUG c.intuit.karate.core.ScenarioEngine - over-writing existing variable 'urlAPI' with new value: 'http://localhost:4000'
12:15:34.942 [pool-2-thread-4] DEBUG com.intuit.karate - Token: eyJhbGciOiJIUzI1NiIsInR5cCI6IkpXVCJ9.eyJzdWIiOiIxMjM0NTY3ODkwIiwibmFtZSI6IkpvaG4gRG9lIiwiYWRtaW4iOnRydWUsImlhdCI6MTUxNjIzOTAyMn0.KMUFsIDTnFmyG3nMiGM6H9FNFUROf3wh7SmqJp-QV30 
12:15:34.943 [pool-2-thread-1] INFO  com.intuit.karate - [print] URL de la API:  http://localhost:4000 
12:15:34.959 [pool-2-thread-5] INFO  com.intuit.karate - Usuario:  {
  "nombreCompleto": "Charly Falco",
  "edad": 39,
  "activo": false,
  "hobbies": [
    "leer",
    "motos",
    "escalada"
  ],
  "direccion": {
    "calle": "C/ Norte",
    "numero": 27,
    "ciudad": "Inventada"
  }
}
 
12:15:35.278 [pool-3-thread-1] INFO  com.intuit.karate.Suite - <<pass>> feature 1 of 1 (0 remaining) classpath:examples/ejemplos/01-introduccion.feature
12:16:47.171 [main] INFO  com.intuit.karate.Runner - using system property 'karate.options': classpath:examples/ejemplos/01-introduccion.feature
12:16:47.372 [main] DEBUG com.intuit.karate.Suite - [config] classpath:karate-config.js
12:16:47.373 [main] INFO  com.intuit.karate.Suite - backed up existing 'target/karate-reports' dir to: target/karate-reports_1780481807372
12:16:47.831 [pool-2-thread-1] INFO  com.intuit.karate - karate.env system property was: null 
12:16:47.831 [pool-2-thread-3] INFO  com.intuit.karate - karate.env system property was: null 
12:16:47.831 [pool-2-thread-4] INFO  com.intuit.karate - karate.env system property was: null 
12:16:47.831 [pool-2-thread-5] INFO  com.intuit.karate - karate.env system property was: null 
12:16:47.831 [pool-2-thread-2] INFO  com.intuit.karate - karate.env system property was: null 
12:16:47.854 [pool-2-thread-1] INFO  com.intuit.karate - [print] Hola mundo 
12:16:47.854 [pool-2-thread-2] INFO  com.intuit.karate - Hola mundo 
12:16:47.856 [pool-2-thread-4] WARN  com.intuit.karate - El tiempo de respuesta es demasiado alto: 20s 
12:16:47.856 [pool-2-thread-3] ERROR com.intuit.karate - No se ha encontrado el recurso: /productos/1309 
12:16:47.859 [pool-2-thread-4] DEBUG com.intuit.karate - Token: eyJhbGciOiJIUzI1NiIsInR5cCI6IkpXVCJ9.eyJzdWIiOiIxMjM0NTY3ODkwIiwibmFtZSI6IkpvaG4gRG9lIiwiYWRtaW4iOnRydWUsImlhdCI6MTUxNjIzOTAyMn0.KMUFsIDTnFmyG3nMiGM6H9FNFUROf3wh7SmqJp-QV30 
12:16:47.859 [pool-2-thread-1] INFO  com.intuit.karate - karate.env system property was: null 
12:16:47.860 [pool-2-thread-1] INFO  com.intuit.karate - [print] URL de la API:  http://localhost:3000 
12:16:47.860 [pool-2-thread-1] DEBUG c.intuit.karate.core.ScenarioEngine - over-writing existing variable 'urlAPI' with new value: 'http://localhost:4000'
12:16:47.861 [pool-2-thread-1] INFO  com.intuit.karate - [print] URL de la API:  http://localhost:4000 
12:16:47.872 [pool-2-thread-5] INFO  com.intuit.karate - Usuario:  {
  "nombreCompleto": "Charly Falco",
  "edad": 39,
  "activo": false,
  "hobbies": [
    "leer",
    "motos",
    "escalada"
  ],
  "direccion": {
    "calle": "C/ Norte",
    "numero": 27,
    "ciudad": "Inventada"
  }
}
 
12:16:48.142 [pool-3-thread-1] INFO  com.intuit.karate.Suite - <<pass>> feature 1 of 1 (0 remaining) classpath:examples/ejemplos/01-introduccion.feature
12:19:45.290 [main] INFO  com.intuit.karate.Runner - using system property 'karate.options': classpath:examples/ejemplos/01-introduccion.feature
12:19:45.514 [main] DEBUG com.intuit.karate.Suite - [config] classpath:karate-config.js
12:19:45.516 [main] INFO  com.intuit.karate.Suite - backed up existing 'target/karate-reports' dir to: target/karate-reports_1780481985515
12:19:46.146 [pool-2-thread-2] INFO  com.intuit.karate - karate.env system property was: null 
12:19:46.146 [pool-2-thread-5] INFO  com.intuit.karate - karate.env system property was: null 
12:19:46.146 [pool-2-thread-4] INFO  com.intuit.karate - karate.env system property was: null 
12:19:46.146 [pool-2-thread-3] INFO  com.intuit.karate - karate.env system property was: null 
12:19:46.146 [pool-2-thread-1] INFO  com.intuit.karate - karate.env system property was: null 
12:19:46.174 [pool-2-thread-2] INFO  com.intuit.karate - Hola mundo 
12:19:46.174 [pool-2-thread-1] INFO  com.intuit.karate - [print] Hola mundo 
12:19:46.178 [pool-2-thread-4] WARN  com.intuit.karate - El tiempo de respuesta es demasiado alto: 20s 
12:19:46.178 [pool-2-thread-3] ERROR com.intuit.karate - No se ha encontrado el recurso: /productos/1309 
12:19:46.179 [pool-2-thread-2] INFO  com.intuit.karate - karate.env system property was: null 
12:19:46.180 [pool-2-thread-2] INFO  com.intuit.karate - [print] URL de la API:  http://localhost:3000 
12:19:46.180 [pool-2-thread-4] DEBUG com.intuit.karate - Token: eyJhbGciOiJIUzI1NiIsInR5cCI6IkpXVCJ9.eyJzdWIiOiIxMjM0NTY3ODkwIiwibmFtZSI6IkpvaG4gRG9lIiwiYWRtaW4iOnRydWUsImlhdCI6MTUxNjIzOTAyMn0.KMUFsIDTnFmyG3nMiGM6H9FNFUROf3wh7SmqJp-QV30 
12:19:46.180 [pool-2-thread-2] DEBUG c.intuit.karate.core.ScenarioEngine - over-writing existing variable 'urlAPI' with new value: 'http://localhost:4000'
12:19:46.182 [pool-2-thread-2] INFO  com.intuit.karate - [print] URL de la API:  http://localhost:4000 
12:19:46.183 [pool-2-thread-2] INFO  com.intuit.karate - [print] URL de la API:  https://jsonplaceholder.typicode.com/ 
12:19:46.199 [pool-2-thread-5] INFO  com.intuit.karate - Usuario:  {
  "nombreCompleto": "Charly Falco",
  "edad": 39,
  "activo": false,
  "hobbies": [
    "leer",
    "motos",
    "escalada"
  ],
  "direccion": {
    "calle": "C/ Norte",
    "numero": 27,
    "ciudad": "Inventada"
  }
}
 
12:19:46.512 [pool-3-thread-1] INFO  com.intuit.karate.Suite - <<pass>> feature 1 of 1 (0 remaining) classpath:examples/ejemplos/01-introduccion.feature
12:20:31.541 [main] INFO  com.intuit.karate.Runner - using system property 'karate.options': classpath:examples/ejemplos/01-introduccion.feature
12:20:31.745 [main] DEBUG com.intuit.karate.Suite - [config] classpath:karate-config.js
12:20:31.747 [main] INFO  com.intuit.karate.Suite - backed up existing 'target/karate-reports' dir to: target/karate-reports_1780482031746
12:20:32.218 [pool-2-thread-5] INFO  com.intuit.karate - karate.env system property was: null 
12:20:32.218 [pool-2-thread-3] INFO  com.intuit.karate - karate.env system property was: null 
12:20:32.218 [pool-2-thread-1] INFO  com.intuit.karate - karate.env system property was: null 
12:20:32.218 [pool-2-thread-4] INFO  com.intuit.karate - karate.env system property was: null 
12:20:32.218 [pool-2-thread-2] INFO  com.intuit.karate - karate.env system property was: null 
12:20:32.238 [pool-2-thread-1] INFO  com.intuit.karate - [print] Hola mundo 
12:20:32.238 [pool-2-thread-2] INFO  com.intuit.karate - Hola mundo 
12:20:32.241 [pool-2-thread-3] ERROR com.intuit.karate - No se ha encontrado el recurso: /productos/1309 
12:20:32.241 [pool-2-thread-4] WARN  com.intuit.karate - El tiempo de respuesta es demasiado alto: 20s 
12:20:32.241 [pool-2-thread-1] INFO  com.intuit.karate - karate.env system property was: null 
12:20:32.242 [pool-2-thread-1] INFO  com.intuit.karate - [print] URL de la API:  http://localhost:3000 
12:20:32.243 [pool-2-thread-4] DEBUG com.intuit.karate - Token: eyJhbGciOiJIUzI1NiIsInR5cCI6IkpXVCJ9.eyJzdWIiOiIxMjM0NTY3ODkwIiwibmFtZSI6IkpvaG4gRG9lIiwiYWRtaW4iOnRydWUsImlhdCI6MTUxNjIzOTAyMn0.KMUFsIDTnFmyG3nMiGM6H9FNFUROf3wh7SmqJp-QV30 
12:20:32.243 [pool-2-thread-1] DEBUG c.intuit.karate.core.ScenarioEngine - over-writing existing variable 'urlAPI' with new value: 'http://localhost:4000'
12:20:32.243 [pool-2-thread-1] INFO  com.intuit.karate - [print] URL de la API:  http://localhost:4000 
12:20:32.244 [pool-2-thread-1] INFO  com.intuit.karate - [print] URL de la API 2:  https://jsonplaceholder.typicode.com/ 
12:20:32.244 [pool-2-thread-1] DEBUG c.intuit.karate.core.ScenarioEngine - over-writing existing variable 'urlAPI2' with new value: 'https://devel.jsonplaceholder.typicode.com/'
12:20:32.245 [pool-2-thread-1] INFO  com.intuit.karate - [print] URL de la API 2:  http://localhost:4000 
12:20:32.258 [pool-2-thread-5] INFO  com.intuit.karate - Usuario:  {
  "nombreCompleto": "Charly Falco",
  "edad": 39,
  "activo": false,
  "hobbies": [
    "leer",
    "motos",
    "escalada"
  ],
  "direccion": {
    "calle": "C/ Norte",
    "numero": 27,
    "ciudad": "Inventada"
  }
}
 
12:20:32.528 [pool-3-thread-1] INFO  com.intuit.karate.Suite - <<pass>> feature 1 of 1 (0 remaining) classpath:examples/ejemplos/01-introduccion.feature
12:23:16.344 [main] INFO  com.intuit.karate.Runner - using system property 'karate.options': classpath:examples/ejemplos/01-introduccion.feature
12:23:16.553 [main] DEBUG com.intuit.karate.Suite - [config] classpath:karate-config.js
12:23:16.555 [main] INFO  com.intuit.karate.Suite - backed up existing 'target/karate-reports' dir to: target/karate-reports_1780482196554
12:23:17.041 [pool-2-thread-5] INFO  com.intuit.karate - karate.env system property was: null 
12:23:17.041 [pool-2-thread-4] INFO  com.intuit.karate - karate.env system property was: null 
12:23:17.041 [pool-2-thread-2] INFO  com.intuit.karate - karate.env system property was: null 
12:23:17.041 [pool-2-thread-3] INFO  com.intuit.karate - karate.env system property was: null 
12:23:17.041 [pool-2-thread-1] INFO  com.intuit.karate - karate.env system property was: null 
12:23:17.061 [pool-2-thread-1] INFO  com.intuit.karate - [print] Hola mundo 
12:23:17.062 [pool-2-thread-2] INFO  com.intuit.karate - Hola mundo 
12:23:17.065 [pool-2-thread-4] WARN  com.intuit.karate - El tiempo de respuesta es demasiado alto: 20s 
12:23:17.065 [pool-2-thread-3] ERROR com.intuit.karate - No se ha encontrado el recurso: /productos/1309 
12:23:17.065 [pool-2-thread-1] INFO  com.intuit.karate - karate.env system property was: null 
12:23:17.066 [pool-2-thread-4] DEBUG com.intuit.karate - Token: eyJhbGciOiJIUzI1NiIsInR5cCI6IkpXVCJ9.eyJzdWIiOiIxMjM0NTY3ODkwIiwibmFtZSI6IkpvaG4gRG9lIiwiYWRtaW4iOnRydWUsImlhdCI6MTUxNjIzOTAyMn0.KMUFsIDTnFmyG3nMiGM6H9FNFUROf3wh7SmqJp-QV30 
12:23:17.066 [pool-2-thread-2] INFO  com.intuit.karate - karate.env system property was: null 
12:23:17.066 [pool-2-thread-1] INFO  com.intuit.karate - [print] URL de la API:  http://localhost:3000 
12:23:17.066 [pool-2-thread-1] DEBUG c.intuit.karate.core.ScenarioEngine - over-writing existing variable 'urlAPI' with new value: 'http://localhost:4000'
12:23:17.067 [pool-2-thread-1] INFO  com.intuit.karate - [print] URL de la API:  http://localhost:4000 
12:23:17.068 [pool-2-thread-1] INFO  com.intuit.karate - [print] URL de la API 2:  https://jsonplaceholder.typicode.com/ 
12:23:17.068 [pool-2-thread-1] DEBUG c.intuit.karate.core.ScenarioEngine - over-writing existing variable 'urlAPI2' with new value: 'https://devel.jsonplaceholder.typicode.com/'
12:23:17.068 [pool-2-thread-1] INFO  com.intuit.karate - [print] URL de la API 2:  http://localhost:4000 
12:23:17.075 [pool-2-thread-2] ERROR com.intuit.karate - classpath:examples/ejemplos/01-introduccion.feature:67
* def tarjetaDeVisita =
"""
<tarjeta-visita>
  <nombre>Charly Falco
</tarjeta-visita>
"""
org.xml.sax.SAXParseException; lineNumber: 3; columnNumber: 3; El tipo de elemento "nombre" debe finalizar por la etiqueta final coincidente "</nombre>".
classpath:examples/ejemplos/01-introduccion.feature:67
12:23:17.079 [pool-2-thread-5] INFO  com.intuit.karate - Usuario:  {
  "nombreCompleto": "Charly Falco",
  "edad": 39,
  "activo": false,
  "hobbies": [
    "leer",
    "motos",
    "escalada"
  ],
  "direccion": {
    "calle": "C/ Norte",
    "numero": 27,
    "ciudad": "Inventada"
  }
}
 
12:23:17.368 [pool-3-thread-1] INFO  com.intuit.karate.Suite - <<fail>> feature 1 of 1 (0 remaining) classpath:examples/ejemplos/01-introduccion.feature
12:25:12.919 [main] INFO  com.intuit.karate.Runner - using system property 'karate.options': classpath:examples/ejemplos/01-introduccion.feature
12:25:13.129 [main] DEBUG com.intuit.karate.Suite - [config] classpath:karate-config.js
12:25:13.131 [main] INFO  com.intuit.karate.Suite - backed up existing 'target/karate-reports' dir to: target/karate-reports_1780482313129
12:25:13.743 [pool-2-thread-2] INFO  com.intuit.karate - karate.env system property was: null 
12:25:13.743 [pool-2-thread-1] INFO  com.intuit.karate - karate.env system property was: null 
12:25:13.743 [pool-2-thread-3] INFO  com.intuit.karate - karate.env system property was: null 
12:25:13.743 [pool-2-thread-4] INFO  com.intuit.karate - karate.env system property was: null 
12:25:13.743 [pool-2-thread-5] INFO  com.intuit.karate - karate.env system property was: null 
12:25:13.771 [pool-2-thread-1] INFO  com.intuit.karate - [print] Hola mundo 
12:25:13.772 [pool-2-thread-2] INFO  com.intuit.karate - Hola mundo 
12:25:13.777 [pool-2-thread-3] ERROR com.intuit.karate - No se ha encontrado el recurso: /productos/1309 
12:25:13.777 [pool-2-thread-4] WARN  com.intuit.karate - El tiempo de respuesta es demasiado alto: 20s 
12:25:13.778 [pool-2-thread-1] INFO  com.intuit.karate - karate.env system property was: null 
12:25:13.778 [pool-2-thread-2] INFO  com.intuit.karate - karate.env system property was: null 
12:25:13.779 [pool-2-thread-4] DEBUG com.intuit.karate - Token: eyJhbGciOiJIUzI1NiIsInR5cCI6IkpXVCJ9.eyJzdWIiOiIxMjM0NTY3ODkwIiwibmFtZSI6IkpvaG4gRG9lIiwiYWRtaW4iOnRydWUsImlhdCI6MTUxNjIzOTAyMn0.KMUFsIDTnFmyG3nMiGM6H9FNFUROf3wh7SmqJp-QV30 
12:25:13.781 [pool-2-thread-1] INFO  com.intuit.karate - [print] URL de la API:  http://localhost:3000 
12:25:13.782 [pool-2-thread-1] DEBUG c.intuit.karate.core.ScenarioEngine - over-writing existing variable 'urlAPI' with new value: 'http://localhost:4000'
12:25:13.785 [pool-2-thread-1] INFO  com.intuit.karate - [print] URL de la API:  http://localhost:4000 
12:25:13.786 [pool-2-thread-1] INFO  com.intuit.karate - [print] URL de la API 2:  https://jsonplaceholder.typicode.com/ 
12:25:13.787 [pool-2-thread-1] DEBUG c.intuit.karate.core.ScenarioEngine - over-writing existing variable 'urlAPI2' with new value: 'https://devel.jsonplaceholder.typicode.com/'
12:25:13.789 [pool-2-thread-1] INFO  com.intuit.karate - [print] URL de la API 2:  http://localhost:4000 
12:25:13.803 [pool-2-thread-5] INFO  com.intuit.karate - Usuario:  {
  "nombreCompleto": "Charly Falco",
  "edad": 39,
  "activo": false,
  "hobbies": [
    "leer",
    "motos",
    "escalada"
  ],
  "direccion": {
    "calle": "C/ Norte",
    "numero": 27,
    "ciudad": "Inventada"
  }
}
 
12:25:14.204 [pool-3-thread-1] INFO  com.intuit.karate.Suite - <<pass>> feature 1 of 1 (0 remaining) classpath:examples/ejemplos/01-introduccion.feature
12:27:42.376 [main] INFO  com.intuit.karate.Runner - using system property 'karate.options': classpath:examples/ejemplos/01-introduccion.feature
12:27:42.576 [main] DEBUG com.intuit.karate.Suite - [config] classpath:karate-config.js
12:27:42.578 [main] INFO  com.intuit.karate.Suite - backed up existing 'target/karate-reports' dir to: target/karate-reports_1780482462577
12:27:42.971 [pool-2-thread-3] INFO  com.intuit.karate - karate.env system property was: null 
12:27:42.971 [pool-2-thread-2] INFO  com.intuit.karate - karate.env system property was: null 
12:27:42.971 [pool-2-thread-1] INFO  com.intuit.karate - karate.env system property was: null 
12:27:42.974 [pool-2-thread-4] INFO  com.intuit.karate - karate.env system property was: null 
12:27:42.974 [pool-2-thread-5] INFO  com.intuit.karate - karate.env system property was: null 
12:27:42.992 [pool-2-thread-1] INFO  com.intuit.karate - [print] Hola mundo 
12:27:42.994 [pool-2-thread-2] INFO  com.intuit.karate - Hola mundo 
12:27:42.996 [pool-2-thread-3] ERROR com.intuit.karate - No se ha encontrado el recurso: /productos/1309 
12:27:42.997 [pool-2-thread-4] WARN  com.intuit.karate - El tiempo de respuesta es demasiado alto: 20s 
12:27:42.997 [pool-2-thread-1] INFO  com.intuit.karate - karate.env system property was: null 
12:27:42.999 [pool-2-thread-2] INFO  com.intuit.karate - karate.env system property was: null 
12:27:42.999 [pool-2-thread-1] INFO  com.intuit.karate - [print] URL de la API:  http://localhost:3000 
12:27:42.999 [pool-2-thread-1] DEBUG c.intuit.karate.core.ScenarioEngine - over-writing existing variable 'urlAPI' with new value: 'http://localhost:4000'
12:27:42.999 [pool-2-thread-4] DEBUG com.intuit.karate - Token: eyJhbGciOiJIUzI1NiIsInR5cCI6IkpXVCJ9.eyJzdWIiOiIxMjM0NTY3ODkwIiwibmFtZSI6IkpvaG4gRG9lIiwiYWRtaW4iOnRydWUsImlhdCI6MTUxNjIzOTAyMn0.KMUFsIDTnFmyG3nMiGM6H9FNFUROf3wh7SmqJp-QV30 
12:27:43.000 [pool-2-thread-1] INFO  com.intuit.karate - [print] URL de la API:  http://localhost:4000 
12:27:43.000 [pool-2-thread-1] INFO  com.intuit.karate - [print] URL de la API 2:  https://jsonplaceholder.typicode.com/ 
12:27:43.001 [pool-2-thread-1] DEBUG c.intuit.karate.core.ScenarioEngine - over-writing existing variable 'urlAPI2' with new value: 'https://devel.jsonplaceholder.typicode.com/'
12:27:43.001 [pool-2-thread-1] INFO  com.intuit.karate - [print] URL de la API 2:  http://localhost:4000 
12:27:43.014 [pool-2-thread-5] INFO  com.intuit.karate - Usuario:  {
  "nombreCompleto": "Charly Falco",
  "edad": 39,
  "activo": false,
  "hobbies": [
    "leer",
    "motos",
    "escalada"
  ],
  "direccion": {
    "calle": "C/ Norte",
    "numero": 27,
    "ciudad": "Inventada"
  }
}
 
12:27:43.017 [pool-2-thread-2] INFO  com.intuit.karate - [print] Tipo tarjeta de visita:  xml 
12:27:43.355 [pool-3-thread-1] INFO  com.intuit.karate.Suite - <<pass>> feature 1 of 1 (0 remaining) classpath:examples/ejemplos/01-introduccion.feature
12:28:42.657 [main] INFO  com.intuit.karate.Runner - using system property 'karate.options': classpath:examples/ejemplos/01-introduccion.feature
12:28:42.862 [main] DEBUG com.intuit.karate.Suite - [config] classpath:karate-config.js
12:28:42.863 [main] INFO  com.intuit.karate.Suite - backed up existing 'target/karate-reports' dir to: target/karate-reports_1780482522862
12:28:43.269 [pool-2-thread-3] INFO  com.intuit.karate - karate.env system property was: null 
12:28:43.270 [pool-2-thread-2] INFO  com.intuit.karate - karate.env system property was: null 
12:28:43.269 [pool-2-thread-5] INFO  com.intuit.karate - karate.env system property was: null 
12:28:43.269 [pool-2-thread-1] INFO  com.intuit.karate - karate.env system property was: null 
12:28:43.270 [pool-2-thread-4] INFO  com.intuit.karate - karate.env system property was: null 
12:28:43.294 [pool-2-thread-1] INFO  com.intuit.karate - [print] Hola mundo 
12:28:43.295 [pool-2-thread-2] INFO  com.intuit.karate - Hola mundo 
12:28:43.298 [pool-2-thread-4] WARN  com.intuit.karate - El tiempo de respuesta es demasiado alto: 20s 
12:28:43.298 [pool-2-thread-3] ERROR com.intuit.karate - No se ha encontrado el recurso: /productos/1309 
12:28:43.299 [pool-2-thread-4] DEBUG com.intuit.karate - Token: eyJhbGciOiJIUzI1NiIsInR5cCI6IkpXVCJ9.eyJzdWIiOiIxMjM0NTY3ODkwIiwibmFtZSI6IkpvaG4gRG9lIiwiYWRtaW4iOnRydWUsImlhdCI6MTUxNjIzOTAyMn0.KMUFsIDTnFmyG3nMiGM6H9FNFUROf3wh7SmqJp-QV30 
12:28:43.300 [pool-2-thread-1] INFO  com.intuit.karate - karate.env system property was: null 
12:28:43.302 [pool-2-thread-1] INFO  com.intuit.karate - [print] URL de la API:  http://localhost:3000 
12:28:43.303 [pool-2-thread-2] INFO  com.intuit.karate - karate.env system property was: null 
12:28:43.303 [pool-2-thread-1] DEBUG c.intuit.karate.core.ScenarioEngine - over-writing existing variable 'urlAPI' with new value: 'http://localhost:4000'
12:28:43.304 [pool-2-thread-1] INFO  com.intuit.karate - [print] URL de la API:  http://localhost:4000 
12:28:43.305 [pool-2-thread-1] INFO  com.intuit.karate - [print] URL de la API 2:  https://jsonplaceholder.typicode.com/ 
12:28:43.305 [pool-2-thread-1] DEBUG c.intuit.karate.core.ScenarioEngine - over-writing existing variable 'urlAPI2' with new value: 'https://devel.jsonplaceholder.typicode.com/'
12:28:43.306 [pool-2-thread-1] INFO  com.intuit.karate - [print] URL de la API 2:  http://localhost:4000 
12:28:43.321 [pool-2-thread-5] INFO  com.intuit.karate - Usuario:  {
  "nombreCompleto": "Charly Falco",
  "edad": 39,
  "activo": false,
  "hobbies": [
    "leer",
    "motos",
    "escalada"
  ],
  "direccion": {
    "calle": "C/ Norte",
    "numero": 27,
    "ciudad": "Inventada"
  }
}
 
12:28:43.324 [pool-2-thread-2] INFO  com.intuit.karate - [print] Tipo tarjeta de visita:  xml 
12:28:43.624 [pool-3-thread-1] INFO  com.intuit.karate.Suite - <<pass>> feature 1 of 1 (0 remaining) classpath:examples/ejemplos/01-introduccion.feature
12:28:53.343 [main] INFO  com.intuit.karate.Runner - using system property 'karate.options': classpath:examples/ejemplos/01-introduccion.feature
12:28:53.544 [main] DEBUG com.intuit.karate.Suite - [config] classpath:karate-config.js
12:28:53.545 [main] INFO  com.intuit.karate.Suite - backed up existing 'target/karate-reports' dir to: target/karate-reports_1780482533544
12:28:53.946 [pool-2-thread-3] INFO  com.intuit.karate - karate.env system property was: null 
12:28:53.946 [pool-2-thread-2] INFO  com.intuit.karate - karate.env system property was: null 
12:28:53.946 [pool-2-thread-4] INFO  com.intuit.karate - karate.env system property was: null 
12:28:53.946 [pool-2-thread-5] INFO  com.intuit.karate - karate.env system property was: null 
12:28:53.946 [pool-2-thread-1] INFO  com.intuit.karate - karate.env system property was: null 
12:28:53.965 [pool-2-thread-1] INFO  com.intuit.karate - [print] Hola mundo 
12:28:53.967 [pool-2-thread-2] INFO  com.intuit.karate - Hola mundo 
12:28:53.969 [pool-2-thread-3] ERROR com.intuit.karate - No se ha encontrado el recurso: /productos/1309 
12:28:53.969 [pool-2-thread-4] WARN  com.intuit.karate - El tiempo de respuesta es demasiado alto: 20s 
12:28:53.970 [pool-2-thread-1] INFO  com.intuit.karate - karate.env system property was: null 
12:28:53.970 [pool-2-thread-4] DEBUG com.intuit.karate - Token: eyJhbGciOiJIUzI1NiIsInR5cCI6IkpXVCJ9.eyJzdWIiOiIxMjM0NTY3ODkwIiwibmFtZSI6IkpvaG4gRG9lIiwiYWRtaW4iOnRydWUsImlhdCI6MTUxNjIzOTAyMn0.KMUFsIDTnFmyG3nMiGM6H9FNFUROf3wh7SmqJp-QV30 
12:28:53.972 [pool-2-thread-1] INFO  com.intuit.karate - [print] URL de la API:  http://localhost:3000 
12:28:53.972 [pool-2-thread-2] INFO  com.intuit.karate - karate.env system property was: null 
12:28:53.973 [pool-2-thread-1] DEBUG c.intuit.karate.core.ScenarioEngine - over-writing existing variable 'urlAPI' with new value: 'http://localhost:4000'
12:28:53.974 [pool-2-thread-1] INFO  com.intuit.karate - [print] URL de la API:  http://localhost:4000 
12:28:53.975 [pool-2-thread-1] INFO  com.intuit.karate - [print] URL de la API 2:  https://jsonplaceholder.typicode.com/ 
12:28:53.975 [pool-2-thread-1] DEBUG c.intuit.karate.core.ScenarioEngine - over-writing existing variable 'urlAPI2' with new value: 'https://devel.jsonplaceholder.typicode.com/'
12:28:53.976 [pool-2-thread-1] INFO  com.intuit.karate - [print] URL de la API 2:  http://localhost:4000 
12:28:53.988 [pool-2-thread-5] INFO  com.intuit.karate - Usuario:  {
  "nombreCompleto": "Charly Falco",
  "edad": 39,
  "activo": false,
  "hobbies": [
    "leer",
    "motos",
    "escalada"
  ],
  "direccion": {
    "calle": "C/ Norte",
    "numero": 27,
    "ciudad": "Inventada"
  }
}
 
12:28:53.991 [pool-2-thread-2] INFO  com.intuit.karate - [print] Tipo tarjeta de visita:  xml 
12:28:53.994 [pool-2-thread-5] ERROR com.intuit.karate - classpath:examples/ejemplos/01-introduccion.feature:53
And match karate.typeOf(usuario.activo) == 'number'
match failed: EQUALS
  $ | not equal (STRING:STRING)
  'boolean'
  'number'

classpath:examples/ejemplos/01-introduccion.feature:53
12:28:54.274 [pool-3-thread-1] INFO  com.intuit.karate.Suite - <<fail>> feature 1 of 1 (0 remaining) classpath:examples/ejemplos/01-introduccion.feature
12:31:48.644 [main] INFO  com.intuit.karate.Runner - using system property 'karate.options': classpath:examples/ejemplos/01-introduccion.feature
12:31:48.886 [main] DEBUG com.intuit.karate.Suite - [config] classpath:karate-config.js
12:31:48.888 [main] INFO  com.intuit.karate.Suite - backed up existing 'target/karate-reports' dir to: target/karate-reports_1780482708887
12:31:49.414 [pool-2-thread-4] INFO  com.intuit.karate - karate.env system property was: null 
12:31:49.414 [pool-2-thread-2] INFO  com.intuit.karate - karate.env system property was: null 
12:31:49.414 [pool-2-thread-3] INFO  com.intuit.karate - karate.env system property was: null 
12:31:49.414 [pool-2-thread-5] INFO  com.intuit.karate - karate.env system property was: null 
12:31:49.414 [pool-2-thread-1] INFO  com.intuit.karate - karate.env system property was: null 
12:31:49.442 [pool-2-thread-1] INFO  com.intuit.karate - [print] Hola mundo 
12:31:49.442 [pool-2-thread-2] INFO  com.intuit.karate - Hola mundo 
12:31:49.449 [pool-2-thread-3] ERROR com.intuit.karate - No se ha encontrado el recurso: /productos/1309 
12:31:49.449 [pool-2-thread-4] WARN  com.intuit.karate - El tiempo de respuesta es demasiado alto: 20s 
12:31:49.450 [pool-2-thread-2] INFO  com.intuit.karate - karate.env system property was: null 
12:31:49.451 [pool-2-thread-1] INFO  com.intuit.karate - karate.env system property was: null 
12:31:49.452 [pool-2-thread-4] DEBUG com.intuit.karate - Token: eyJhbGciOiJIUzI1NiIsInR5cCI6IkpXVCJ9.eyJzdWIiOiIxMjM0NTY3ODkwIiwibmFtZSI6IkpvaG4gRG9lIiwiYWRtaW4iOnRydWUsImlhdCI6MTUxNjIzOTAyMn0.KMUFsIDTnFmyG3nMiGM6H9FNFUROf3wh7SmqJp-QV30 
12:31:49.453 [pool-2-thread-1] INFO  com.intuit.karate - [print] URL de la API:  http://localhost:3000 
12:31:49.453 [pool-2-thread-1] DEBUG c.intuit.karate.core.ScenarioEngine - over-writing existing variable 'urlAPI' with new value: 'http://localhost:4000'
12:31:49.454 [pool-2-thread-3] INFO  com.intuit.karate - karate.env system property was: null 
12:31:49.455 [pool-2-thread-1] INFO  com.intuit.karate - [print] URL de la API:  http://localhost:4000 
12:31:49.458 [pool-2-thread-1] INFO  com.intuit.karate - [print] URL de la API 2:  https://jsonplaceholder.typicode.com/ 
12:31:49.458 [pool-2-thread-1] DEBUG c.intuit.karate.core.ScenarioEngine - over-writing existing variable 'urlAPI2' with new value: 'https://devel.jsonplaceholder.typicode.com/'
12:31:49.459 [pool-2-thread-1] INFO  com.intuit.karate - [print] URL de la API 2:  http://localhost:4000 
12:31:49.478 [pool-2-thread-5] INFO  com.intuit.karate - Usuario:  {
  "nombreCompleto": "Charly Falco",
  "edad": 39,
  "activo": false,
  "hobbies": [
    "leer",
    "motos",
    "escalada"
  ],
  "direccion": {
    "calle": "C/ Norte",
    "numero": 27,
    "ciudad": "Inventada"
  }
}
 
12:31:49.480 [pool-2-thread-2] INFO  com.intuit.karate - [print] Tipo tarjeta de visita:  xml 
12:31:49.827 [pool-3-thread-1] INFO  com.intuit.karate.Suite - <<pass>> feature 1 of 1 (0 remaining) classpath:examples/ejemplos/01-introduccion.feature
12:32:38.718 [main] INFO  com.intuit.karate.Runner - using system property 'karate.options': classpath:examples/ejemplos/01-introduccion.feature
12:32:38.924 [main] DEBUG com.intuit.karate.Suite - [config] classpath:karate-config.js
12:32:38.926 [main] INFO  com.intuit.karate.Suite - backed up existing 'target/karate-reports' dir to: target/karate-reports_1780482758924
12:32:39.332 [pool-2-thread-4] INFO  com.intuit.karate - karate.env system property was: null 
12:32:39.332 [pool-2-thread-5] INFO  com.intuit.karate - karate.env system property was: null 
12:32:39.332 [pool-2-thread-3] INFO  com.intuit.karate - karate.env system property was: null 
12:32:39.332 [pool-2-thread-2] INFO  com.intuit.karate - karate.env system property was: null 
12:32:39.332 [pool-2-thread-1] INFO  com.intuit.karate - karate.env system property was: null 
12:32:39.357 [pool-2-thread-1] INFO  com.intuit.karate - [print] Hola mundo 
12:32:39.357 [pool-2-thread-2] INFO  com.intuit.karate - Hola mundo 
12:32:39.359 [pool-2-thread-3] ERROR com.intuit.karate - No se ha encontrado el recurso: /productos/1309 
12:32:39.359 [pool-2-thread-4] WARN  com.intuit.karate - El tiempo de respuesta es demasiado alto: 20s 
12:32:39.362 [pool-2-thread-4] DEBUG com.intuit.karate - Token: eyJhbGciOiJIUzI1NiIsInR5cCI6IkpXVCJ9.eyJzdWIiOiIxMjM0NTY3ODkwIiwibmFtZSI6IkpvaG4gRG9lIiwiYWRtaW4iOnRydWUsImlhdCI6MTUxNjIzOTAyMn0.KMUFsIDTnFmyG3nMiGM6H9FNFUROf3wh7SmqJp-QV30 
12:32:39.363 [pool-2-thread-1] INFO  com.intuit.karate - karate.env system property was: null 
12:32:39.363 [pool-2-thread-2] INFO  com.intuit.karate - karate.env system property was: null 
12:32:39.363 [pool-2-thread-3] INFO  com.intuit.karate - karate.env system property was: null 
12:32:39.364 [pool-2-thread-2] INFO  com.intuit.karate - [print] URL de la API:  http://localhost:3000 
12:32:39.364 [pool-2-thread-2] DEBUG c.intuit.karate.core.ScenarioEngine - over-writing existing variable 'urlAPI' with new value: 'http://localhost:4000'
12:32:39.365 [pool-2-thread-2] INFO  com.intuit.karate - [print] URL de la API:  http://localhost:4000 
12:32:39.365 [pool-2-thread-2] INFO  com.intuit.karate - [print] URL de la API 2:  https://jsonplaceholder.typicode.com/ 
12:32:39.365 [pool-2-thread-2] DEBUG c.intuit.karate.core.ScenarioEngine - over-writing existing variable 'urlAPI2' with new value: 'https://devel.jsonplaceholder.typicode.com/'
12:32:39.366 [pool-2-thread-2] INFO  com.intuit.karate - [print] URL de la API 2:  http://localhost:4000 
12:32:39.382 [pool-2-thread-1] INFO  com.intuit.karate - [print] Tipo tarjeta de visita:  xml 
12:32:39.381 [pool-2-thread-5] INFO  com.intuit.karate - Usuario:  {
  "nombreCompleto": "Charly Falco",
  "edad": 39,
  "activo": false,
  "hobbies": [
    "leer",
    "motos",
    "escalada"
  ],
  "direccion": {
    "calle": "C/ Norte",
    "numero": 27,
    "ciudad": "Inventada"
  }
}
 
12:32:39.680 [pool-3-thread-1] INFO  com.intuit.karate.Suite - <<pass>> feature 1 of 1 (0 remaining) classpath:examples/ejemplos/01-introduccion.feature
12:33:13.786 [main] INFO  com.intuit.karate.Runner - using system property 'karate.options': classpath:examples/ejemplos/01-introduccion.feature
12:33:13.992 [main] DEBUG com.intuit.karate.Suite - [config] classpath:karate-config.js
12:33:13.993 [main] INFO  com.intuit.karate.Suite - backed up existing 'target/karate-reports' dir to: target/karate-reports_1780482793992
12:33:14.394 [pool-2-thread-4] INFO  com.intuit.karate - karate.env system property was: null 
12:33:14.394 [pool-2-thread-5] INFO  com.intuit.karate - karate.env system property was: null 
12:33:14.394 [pool-2-thread-3] INFO  com.intuit.karate - karate.env system property was: null 
12:33:14.394 [pool-2-thread-1] INFO  com.intuit.karate - karate.env system property was: null 
12:33:14.394 [pool-2-thread-2] INFO  com.intuit.karate - karate.env system property was: null 
12:33:14.416 [pool-2-thread-2] INFO  com.intuit.karate - Hola mundo 
12:33:14.416 [pool-2-thread-1] INFO  com.intuit.karate - [print] Hola mundo 
12:33:14.418 [pool-2-thread-3] ERROR com.intuit.karate - No se ha encontrado el recurso: /productos/1309 
12:33:14.418 [pool-2-thread-4] WARN  com.intuit.karate - El tiempo de respuesta es demasiado alto: 20s 
12:33:14.424 [pool-2-thread-4] DEBUG com.intuit.karate - Token: eyJhbGciOiJIUzI1NiIsInR5cCI6IkpXVCJ9.eyJzdWIiOiIxMjM0NTY3ODkwIiwibmFtZSI6IkpvaG4gRG9lIiwiYWRtaW4iOnRydWUsImlhdCI6MTUxNjIzOTAyMn0.KMUFsIDTnFmyG3nMiGM6H9FNFUROf3wh7SmqJp-QV30 
12:33:14.424 [pool-2-thread-2] INFO  com.intuit.karate - karate.env system property was: null 
12:33:14.424 [pool-2-thread-1] INFO  com.intuit.karate - karate.env system property was: null 
12:33:14.426 [pool-2-thread-1] INFO  com.intuit.karate - [print] URL de la API:  http://localhost:3000 
12:33:14.426 [pool-2-thread-1] DEBUG c.intuit.karate.core.ScenarioEngine - over-writing existing variable 'urlAPI' with new value: 'http://localhost:4000'
12:33:14.426 [pool-2-thread-3] INFO  com.intuit.karate - karate.env system property was: null 
12:33:14.427 [pool-2-thread-1] INFO  com.intuit.karate - [print] URL de la API:  http://localhost:4000 
12:33:14.429 [pool-2-thread-1] INFO  com.intuit.karate - [print] URL de la API 2:  https://jsonplaceholder.typicode.com/ 
12:33:14.429 [pool-2-thread-1] DEBUG c.intuit.karate.core.ScenarioEngine - over-writing existing variable 'urlAPI2' with new value: 'https://devel.jsonplaceholder.typicode.com/'
12:33:14.430 [pool-2-thread-1] INFO  com.intuit.karate - [print] URL de la API 2:  http://localhost:4000 
12:33:14.441 [pool-2-thread-5] INFO  com.intuit.karate - Usuario:  {
  "nombreCompleto": "Charly Falco",
  "edad": 39,
  "activo": false,
  "hobbies": [
    "leer",
    "motos",
    "escalada"
  ],
  "direccion": {
    "calle": "C/ Norte",
    "numero": 27,
    "ciudad": "Inventada"
  }
}
 
12:33:14.444 [pool-2-thread-2] INFO  com.intuit.karate - [print] Tipo tarjeta de visita:  xml 
12:33:14.747 [pool-3-thread-1] INFO  com.intuit.karate.Suite - <<pass>> feature 1 of 1 (0 remaining) classpath:examples/ejemplos/01-introduccion.feature
12:33:21.864 [main] INFO  com.intuit.karate.Runner - using system property 'karate.options': classpath:examples/ejemplos/01-introduccion.feature
12:33:22.072 [main] DEBUG com.intuit.karate.Suite - [config] classpath:karate-config.js
12:33:22.073 [main] INFO  com.intuit.karate.Suite - backed up existing 'target/karate-reports' dir to: target/karate-reports_1780482802072
12:33:22.500 [pool-2-thread-2] INFO  com.intuit.karate - karate.env system property was: null 
12:33:22.500 [pool-2-thread-4] INFO  com.intuit.karate - karate.env system property was: null 
12:33:22.500 [pool-2-thread-1] INFO  com.intuit.karate - karate.env system property was: null 
12:33:22.500 [pool-2-thread-3] INFO  com.intuit.karate - karate.env system property was: null 
12:33:22.500 [pool-2-thread-5] INFO  com.intuit.karate - karate.env system property was: null 
12:33:22.520 [pool-2-thread-1] INFO  com.intuit.karate - [print] Hola mundo 
12:33:22.521 [pool-2-thread-2] INFO  com.intuit.karate - Hola mundo 
12:33:22.523 [pool-2-thread-3] ERROR com.intuit.karate - No se ha encontrado el recurso: /productos/1309 
12:33:22.523 [pool-2-thread-4] WARN  com.intuit.karate - El tiempo de respuesta es demasiado alto: 20s 
12:33:22.525 [pool-2-thread-2] INFO  com.intuit.karate - karate.env system property was: null 
12:33:22.525 [pool-2-thread-4] DEBUG com.intuit.karate - Token: eyJhbGciOiJIUzI1NiIsInR5cCI6IkpXVCJ9.eyJzdWIiOiIxMjM0NTY3ODkwIiwibmFtZSI6IkpvaG4gRG9lIiwiYWRtaW4iOnRydWUsImlhdCI6MTUxNjIzOTAyMn0.KMUFsIDTnFmyG3nMiGM6H9FNFUROf3wh7SmqJp-QV30 
12:33:22.525 [pool-2-thread-1] INFO  com.intuit.karate - karate.env system property was: null 
12:33:22.526 [pool-2-thread-1] INFO  com.intuit.karate - [print] URL de la API:  http://localhost:3000 
12:33:22.527 [pool-2-thread-3] INFO  com.intuit.karate - karate.env system property was: null 
12:33:22.527 [pool-2-thread-1] DEBUG c.intuit.karate.core.ScenarioEngine - over-writing existing variable 'urlAPI' with new value: 'http://localhost:4000'
12:33:22.528 [pool-2-thread-1] INFO  com.intuit.karate - [print] URL de la API:  http://localhost:4000 
12:33:22.529 [pool-2-thread-1] INFO  com.intuit.karate - [print] URL de la API 2:  https://jsonplaceholder.typicode.com/ 
12:33:22.529 [pool-2-thread-1] DEBUG c.intuit.karate.core.ScenarioEngine - over-writing existing variable 'urlAPI2' with new value: 'https://devel.jsonplaceholder.typicode.com/'
12:33:22.529 [pool-2-thread-1] INFO  com.intuit.karate - [print] URL de la API 2:  http://localhost:4000 
12:33:22.543 [pool-2-thread-2] INFO  com.intuit.karate - [print] Tipo tarjeta de visita:  xml 
12:33:22.541 [pool-2-thread-5] INFO  com.intuit.karate - Usuario:  {
  "nombreCompleto": "Charly Falco",
  "edad": 39,
  "activo": false,
  "hobbies": [
    "leer",
    "motos",
    "escalada"
  ],
  "direccion": {
    "calle": "C/ Norte",
    "numero": 27,
    "ciudad": "Inventada"
  }
}
 
12:33:22.548 [pool-2-thread-3] ERROR com.intuit.karate - classpath:examples/ejemplos/01-introduccion.feature:91
And match hobbies == '#[2]'
match failed: EQUALS
  $ | actual array length is 3 (LIST:STRING)
  ["leer","motos","escalada"]
  '#[2]'

classpath:examples/ejemplos/01-introduccion.feature:91
12:33:22.834 [pool-3-thread-1] INFO  com.intuit.karate.Suite - <<fail>> feature 1 of 1 (0 remaining) classpath:examples/ejemplos/01-introduccion.feature
12:33:42.507 [main] INFO  com.intuit.karate.Runner - using system property 'karate.options': classpath:examples/ejemplos/01-introduccion.feature
12:33:42.707 [main] DEBUG com.intuit.karate.Suite - [config] classpath:karate-config.js
12:33:42.708 [main] INFO  com.intuit.karate.Suite - backed up existing 'target/karate-reports' dir to: target/karate-reports_1780482822707
12:33:43.120 [pool-2-thread-5] INFO  com.intuit.karate - karate.env system property was: null 
12:33:43.120 [pool-2-thread-3] INFO  com.intuit.karate - karate.env system property was: null 
12:33:43.120 [pool-2-thread-2] INFO  com.intuit.karate - karate.env system property was: null 
12:33:43.120 [pool-2-thread-1] INFO  com.intuit.karate - karate.env system property was: null 
12:33:43.120 [pool-2-thread-4] INFO  com.intuit.karate - karate.env system property was: null 
12:33:43.141 [pool-2-thread-1] INFO  com.intuit.karate - [print] Hola mundo 
12:33:43.141 [pool-2-thread-2] INFO  com.intuit.karate - Hola mundo 
12:33:43.145 [pool-2-thread-3] ERROR com.intuit.karate - No se ha encontrado el recurso: /productos/1309 
12:33:43.145 [pool-2-thread-4] WARN  com.intuit.karate - El tiempo de respuesta es demasiado alto: 20s 
12:33:43.147 [pool-2-thread-2] INFO  com.intuit.karate - karate.env system property was: null 
12:33:43.147 [pool-2-thread-4] DEBUG com.intuit.karate - Token: eyJhbGciOiJIUzI1NiIsInR5cCI6IkpXVCJ9.eyJzdWIiOiIxMjM0NTY3ODkwIiwibmFtZSI6IkpvaG4gRG9lIiwiYWRtaW4iOnRydWUsImlhdCI6MTUxNjIzOTAyMn0.KMUFsIDTnFmyG3nMiGM6H9FNFUROf3wh7SmqJp-QV30 
12:33:43.148 [pool-2-thread-2] INFO  com.intuit.karate - [print] URL de la API:  http://localhost:3000 
12:33:43.148 [pool-2-thread-3] INFO  com.intuit.karate - karate.env system property was: null 
12:33:43.148 [pool-2-thread-1] INFO  com.intuit.karate - karate.env system property was: null 
12:33:43.148 [pool-2-thread-2] DEBUG c.intuit.karate.core.ScenarioEngine - over-writing existing variable 'urlAPI' with new value: 'http://localhost:4000'
12:33:43.149 [pool-2-thread-2] INFO  com.intuit.karate - [print] URL de la API:  http://localhost:4000 
12:33:43.150 [pool-2-thread-2] INFO  com.intuit.karate - [print] URL de la API 2:  https://jsonplaceholder.typicode.com/ 
12:33:43.150 [pool-2-thread-2] DEBUG c.intuit.karate.core.ScenarioEngine - over-writing existing variable 'urlAPI2' with new value: 'https://devel.jsonplaceholder.typicode.com/'
12:33:43.151 [pool-2-thread-2] INFO  com.intuit.karate - [print] URL de la API 2:  http://localhost:4000 
12:33:43.164 [pool-2-thread-5] INFO  com.intuit.karate - Usuario:  {
  "nombreCompleto": "Charly Falco",
  "edad": 39,
  "activo": false,
  "hobbies": [
    "leer",
    "motos",
    "escalada"
  ],
  "direccion": {
    "calle": "C/ Norte",
    "numero": 27,
    "ciudad": "Inventada"
  }
}
 
12:33:43.168 [pool-2-thread-1] INFO  com.intuit.karate - [print] Tipo tarjeta de visita:  xml 
12:33:43.171 [pool-2-thread-3] ERROR com.intuit.karate - classpath:examples/ejemplos/01-introduccion.feature:90
And match hobbies == '#[] #number'
match failed: EQUALS
  $ | all array elements matched (LIST:STRING)
  ["leer","motos","escalada"]
  '#[] #number'

    $[0] | not a number (STRING:STRING)
    'leer'
    '#number'

classpath:examples/ejemplos/01-introduccion.feature:90
12:33:43.486 [pool-3-thread-1] INFO  com.intuit.karate.Suite - <<fail>> feature 1 of 1 (0 remaining) classpath:examples/ejemplos/01-introduccion.feature
12:35:03.831 [main] INFO  com.intuit.karate.Runner - using system property 'karate.options': classpath:examples/ejemplos/01-introduccion.feature
12:35:04.092 [main] DEBUG com.intuit.karate.Suite - [config] classpath:karate-config.js
12:35:04.093 [main] INFO  com.intuit.karate.Suite - backed up existing 'target/karate-reports' dir to: target/karate-reports_1780482904092
12:35:04.496 [pool-2-thread-5] INFO  com.intuit.karate - karate.env system property was: null 
12:35:04.496 [pool-2-thread-1] INFO  com.intuit.karate - karate.env system property was: null 
12:35:04.496 [pool-2-thread-3] INFO  com.intuit.karate - karate.env system property was: null 
12:35:04.496 [pool-2-thread-4] INFO  com.intuit.karate - karate.env system property was: null 
12:35:04.496 [pool-2-thread-2] INFO  com.intuit.karate - karate.env system property was: null 
12:35:04.515 [pool-2-thread-2] INFO  com.intuit.karate - Hola mundo 
12:35:04.515 [pool-2-thread-1] INFO  com.intuit.karate - [print] Hola mundo 
12:35:04.517 [pool-2-thread-3] ERROR com.intuit.karate - No se ha encontrado el recurso: /productos/1309 
12:35:04.518 [pool-2-thread-4] WARN  com.intuit.karate - El tiempo de respuesta es demasiado alto: 20s 
12:35:04.520 [pool-2-thread-4] DEBUG com.intuit.karate - Token: eyJhbGciOiJIUzI1NiIsInR5cCI6IkpXVCJ9.eyJzdWIiOiIxMjM0NTY3ODkwIiwibmFtZSI6IkpvaG4gRG9lIiwiYWRtaW4iOnRydWUsImlhdCI6MTUxNjIzOTAyMn0.KMUFsIDTnFmyG3nMiGM6H9FNFUROf3wh7SmqJp-QV30 
12:35:04.522 [pool-2-thread-1] INFO  com.intuit.karate - karate.env system property was: null 
12:35:04.522 [pool-2-thread-3] INFO  com.intuit.karate - karate.env system property was: null 
12:35:04.523 [pool-2-thread-2] INFO  com.intuit.karate - karate.env system property was: null 
12:35:04.524 [pool-2-thread-1] INFO  com.intuit.karate - [print] URL de la API:  http://localhost:3000 
12:35:04.524 [pool-2-thread-1] DEBUG c.intuit.karate.core.ScenarioEngine - over-writing existing variable 'urlAPI' with new value: 'http://localhost:4000'
12:35:04.525 [pool-2-thread-1] INFO  com.intuit.karate - [print] URL de la API:  http://localhost:4000 
12:35:04.525 [pool-2-thread-1] INFO  com.intuit.karate - [print] URL de la API 2:  https://jsonplaceholder.typicode.com/ 
12:35:04.526 [pool-2-thread-1] DEBUG c.intuit.karate.core.ScenarioEngine - over-writing existing variable 'urlAPI2' with new value: 'https://devel.jsonplaceholder.typicode.com/'
12:35:04.526 [pool-2-thread-1] INFO  com.intuit.karate - [print] URL de la API 2:  http://localhost:4000 
12:35:04.542 [pool-2-thread-5] INFO  com.intuit.karate - Usuario:  {
  "nombreCompleto": "Charly Falco",
  "edad": 39,
  "activo": false,
  "hobbies": [
    "leer",
    "motos",
    "escalada"
  ],
  "direccion": {
    "calle": "C/ Norte",
    "numero": 27,
    "ciudad": "Inventada"
  }
}
 
12:35:04.548 [pool-2-thread-2] INFO  com.intuit.karate - [print] Tipo tarjeta de visita:  xml 
12:35:04.849 [pool-3-thread-1] INFO  com.intuit.karate.Suite - <<pass>> feature 1 of 1 (0 remaining) classpath:examples/ejemplos/01-introduccion.feature
12:36:11.260 [main] INFO  com.intuit.karate.Runner - using system property 'karate.options': classpath:examples/ejemplos/01-introduccion.feature
12:36:11.470 [main] DEBUG com.intuit.karate.Suite - [config] classpath:karate-config.js
12:36:11.471 [main] INFO  com.intuit.karate.Suite - backed up existing 'target/karate-reports' dir to: target/karate-reports_1780482971470
12:36:11.887 [pool-2-thread-4] INFO  com.intuit.karate - karate.env system property was: null 
12:36:11.887 [pool-2-thread-3] INFO  com.intuit.karate - karate.env system property was: null 
12:36:11.887 [pool-2-thread-2] INFO  com.intuit.karate - karate.env system property was: null 
12:36:11.888 [pool-2-thread-1] INFO  com.intuit.karate - karate.env system property was: null 
12:36:11.888 [pool-2-thread-5] INFO  com.intuit.karate - karate.env system property was: null 
12:36:11.910 [pool-2-thread-1] INFO  com.intuit.karate - [print] Hola mundo 
12:36:11.912 [pool-2-thread-2] INFO  com.intuit.karate - Hola mundo 
12:36:11.913 [pool-2-thread-4] WARN  com.intuit.karate - El tiempo de respuesta es demasiado alto: 20s 
12:36:11.913 [pool-2-thread-3] ERROR com.intuit.karate - No se ha encontrado el recurso: /productos/1309 
12:36:11.914 [pool-2-thread-1] INFO  com.intuit.karate - karate.env system property was: null 
12:36:11.915 [pool-2-thread-1] INFO  com.intuit.karate - [print] URL de la API:  http://localhost:3000 
12:36:11.915 [pool-2-thread-4] DEBUG com.intuit.karate - Token: eyJhbGciOiJIUzI1NiIsInR5cCI6IkpXVCJ9.eyJzdWIiOiIxMjM0NTY3ODkwIiwibmFtZSI6IkpvaG4gRG9lIiwiYWRtaW4iOnRydWUsImlhdCI6MTUxNjIzOTAyMn0.KMUFsIDTnFmyG3nMiGM6H9FNFUROf3wh7SmqJp-QV30 
12:36:11.915 [pool-2-thread-1] DEBUG c.intuit.karate.core.ScenarioEngine - over-writing existing variable 'urlAPI' with new value: 'http://localhost:4000'
12:36:11.916 [pool-2-thread-1] INFO  com.intuit.karate - [print] URL de la API:  http://localhost:4000 
12:36:11.916 [pool-2-thread-1] INFO  com.intuit.karate - [print] URL de la API 2:  https://jsonplaceholder.typicode.com/ 
12:36:11.917 [pool-2-thread-1] DEBUG c.intuit.karate.core.ScenarioEngine - over-writing existing variable 'urlAPI2' with new value: 'https://devel.jsonplaceholder.typicode.com/'
12:36:11.917 [pool-2-thread-2] INFO  com.intuit.karate - karate.env system property was: null 
12:36:11.917 [pool-2-thread-1] INFO  com.intuit.karate - [print] URL de la API 2:  http://localhost:4000 
12:36:11.919 [pool-2-thread-3] INFO  com.intuit.karate - karate.env system property was: null 
12:36:11.930 [pool-2-thread-5] INFO  com.intuit.karate - Usuario:  {
  "nombreCompleto": "Charly Falco",
  "edad": 39,
  "activo": false,
  "hobbies": [
    "leer",
    "motos",
    "escalada"
  ],
  "direccion": {
    "calle": "C/ Norte",
    "numero": 27,
    "ciudad": "Inventada"
  }
}
 
12:36:11.940 [pool-2-thread-2] INFO  com.intuit.karate - [print] Tipo tarjeta de visita:  xml 
12:36:11.942 [pool-2-thread-3] ERROR com.intuit.karate - classpath:examples/ejemplos/01-introduccion.feature:95
And match direccion.pais == '#present'
match failed: EQUALS

classpath:examples/ejemplos/01-introduccion.feature:95
12:36:12.317 [pool-3-thread-1] INFO  com.intuit.karate.Suite - <<fail>> feature 1 of 1 (0 remaining) classpath:examples/ejemplos/01-introduccion.feature
12:36:47.606 [main] INFO  com.intuit.karate.Runner - using system property 'karate.options': classpath:examples/ejemplos/01-introduccion.feature
12:36:47.805 [main] DEBUG com.intuit.karate.Suite - [config] classpath:karate-config.js
12:36:47.806 [main] INFO  com.intuit.karate.Suite - backed up existing 'target/karate-reports' dir to: target/karate-reports_1780483007805
12:36:48.208 [pool-2-thread-5] INFO  com.intuit.karate - karate.env system property was: null 
12:36:48.208 [pool-2-thread-4] INFO  com.intuit.karate - karate.env system property was: null 
12:36:48.208 [pool-2-thread-3] INFO  com.intuit.karate - karate.env system property was: null 
12:36:48.208 [pool-2-thread-2] INFO  com.intuit.karate - karate.env system property was: null 
12:36:48.208 [pool-2-thread-1] INFO  com.intuit.karate - karate.env system property was: null 
12:36:48.231 [pool-2-thread-1] INFO  com.intuit.karate - [print] Hola mundo 
12:36:48.232 [pool-2-thread-2] INFO  com.intuit.karate - Hola mundo 
12:36:48.235 [pool-2-thread-4] WARN  com.intuit.karate - El tiempo de respuesta es demasiado alto: 20s 
12:36:48.235 [pool-2-thread-3] ERROR com.intuit.karate - No se ha encontrado el recurso: /productos/1309 
12:36:48.238 [pool-2-thread-2] INFO  com.intuit.karate - karate.env system property was: null 
12:36:48.238 [pool-2-thread-1] INFO  com.intuit.karate - karate.env system property was: null 
12:36:48.238 [pool-2-thread-4] DEBUG com.intuit.karate - Token: eyJhbGciOiJIUzI1NiIsInR5cCI6IkpXVCJ9.eyJzdWIiOiIxMjM0NTY3ODkwIiwibmFtZSI6IkpvaG4gRG9lIiwiYWRtaW4iOnRydWUsImlhdCI6MTUxNjIzOTAyMn0.KMUFsIDTnFmyG3nMiGM6H9FNFUROf3wh7SmqJp-QV30 
12:36:48.239 [pool-2-thread-3] INFO  com.intuit.karate - karate.env system property was: null 
12:36:48.240 [pool-2-thread-1] INFO  com.intuit.karate - [print] URL de la API:  http://localhost:3000 
12:36:48.240 [pool-2-thread-1] DEBUG c.intuit.karate.core.ScenarioEngine - over-writing existing variable 'urlAPI' with new value: 'http://localhost:4000'
12:36:48.241 [pool-2-thread-1] INFO  com.intuit.karate - [print] URL de la API:  http://localhost:4000 
12:36:48.241 [pool-2-thread-1] INFO  com.intuit.karate - [print] URL de la API 2:  https://jsonplaceholder.typicode.com/ 
12:36:48.242 [pool-2-thread-1] DEBUG c.intuit.karate.core.ScenarioEngine - over-writing existing variable 'urlAPI2' with new value: 'https://devel.jsonplaceholder.typicode.com/'
12:36:48.242 [pool-2-thread-1] INFO  com.intuit.karate - [print] URL de la API 2:  http://localhost:4000 
12:36:48.265 [pool-2-thread-2] INFO  com.intuit.karate - [print] Tipo tarjeta de visita:  xml 
12:36:48.265 [pool-2-thread-5] INFO  com.intuit.karate - Usuario:  {
  "nombreCompleto": "Charly Falco",
  "edad": 39,
  "activo": false,
  "hobbies": [
    "leer",
    "motos",
    "escalada"
  ],
  "direccion": {
    "calle": "C/ Norte",
    "numero": 27,
    "ciudad": "Inventada"
  }
}
 
12:36:48.583 [pool-3-thread-1] INFO  com.intuit.karate.Suite - <<pass>> feature 1 of 1 (0 remaining) classpath:examples/ejemplos/01-introduccion.feature
12:37:38.779 [main] INFO  com.intuit.karate.Runner - using system property 'karate.options': classpath:examples/ejemplos/01-introduccion.feature
12:37:38.981 [main] DEBUG com.intuit.karate.Suite - [config] classpath:karate-config.js
12:37:38.982 [main] INFO  com.intuit.karate.Suite - backed up existing 'target/karate-reports' dir to: target/karate-reports_1780483058981
12:37:39.377 [pool-2-thread-3] INFO  com.intuit.karate - karate.env system property was: null 
12:37:39.377 [pool-2-thread-1] INFO  com.intuit.karate - karate.env system property was: null 
12:37:39.377 [pool-2-thread-4] INFO  com.intuit.karate - karate.env system property was: null 
12:37:39.377 [pool-2-thread-5] INFO  com.intuit.karate - karate.env system property was: null 
12:37:39.377 [pool-2-thread-2] INFO  com.intuit.karate - karate.env system property was: null 
12:37:39.396 [pool-2-thread-1] INFO  com.intuit.karate - [print] Hola mundo 
12:37:39.397 [pool-2-thread-2] INFO  com.intuit.karate - Hola mundo 
12:37:39.399 [pool-2-thread-3] ERROR com.intuit.karate - No se ha encontrado el recurso: /productos/1309 
12:37:39.399 [pool-2-thread-4] WARN  com.intuit.karate - El tiempo de respuesta es demasiado alto: 20s 
12:37:39.401 [pool-2-thread-2] INFO  com.intuit.karate - karate.env system property was: null 
12:37:39.401 [pool-2-thread-1] INFO  com.intuit.karate - karate.env system property was: null 
12:37:39.402 [pool-2-thread-4] DEBUG com.intuit.karate - Token: eyJhbGciOiJIUzI1NiIsInR5cCI6IkpXVCJ9.eyJzdWIiOiIxMjM0NTY3ODkwIiwibmFtZSI6IkpvaG4gRG9lIiwiYWRtaW4iOnRydWUsImlhdCI6MTUxNjIzOTAyMn0.KMUFsIDTnFmyG3nMiGM6H9FNFUROf3wh7SmqJp-QV30 
12:37:39.402 [pool-2-thread-3] INFO  com.intuit.karate - karate.env system property was: null 
12:37:39.402 [pool-2-thread-1] INFO  com.intuit.karate - [print] URL de la API:  http://localhost:3000 
12:37:39.403 [pool-2-thread-1] DEBUG c.intuit.karate.core.ScenarioEngine - over-writing existing variable 'urlAPI' with new value: 'http://localhost:4000'
12:37:39.403 [pool-2-thread-1] INFO  com.intuit.karate - [print] URL de la API:  http://localhost:4000 
12:37:39.404 [pool-2-thread-1] INFO  com.intuit.karate - [print] URL de la API 2:  https://jsonplaceholder.typicode.com/ 
12:37:39.404 [pool-2-thread-1] DEBUG c.intuit.karate.core.ScenarioEngine - over-writing existing variable 'urlAPI2' with new value: 'https://devel.jsonplaceholder.typicode.com/'
12:37:39.405 [pool-2-thread-1] INFO  com.intuit.karate - [print] URL de la API 2:  http://localhost:4000 
12:37:39.416 [pool-2-thread-5] INFO  com.intuit.karate - Usuario:  {
  "nombreCompleto": "Charly Falco",
  "edad": 39,
  "activo": false,
  "hobbies": [
    "leer",
    "motos",
    "escalada"
  ],
  "direccion": {
    "calle": "C/ Norte",
    "numero": 27,
    "ciudad": "Inventada"
  }
}
 
12:37:39.418 [pool-2-thread-2] INFO  com.intuit.karate - [print] Tipo tarjeta de visita:  xml 
12:37:39.424 [pool-2-thread-3] ERROR com.intuit.karate - classpath:examples/ejemplos/01-introduccion.feature:96
And match direccion == {calle '#present', numero '#present', ciudad: '#present', pais: '#notpresent'}
match failed: EQUALS
  $ | not equal | actual has 1 more key(s) than expected - {"calle":"C\/ Norte","numero":27,"ciudad":"Inventada"} (MAP:MAP)
  {"calle":"C/ Norte","numero":27,"ciudad":"Inventada"}
  {"calle '#present', numero '#present', ciudad":"#present","pais":"#notpresent"}


classpath:examples/ejemplos/01-introduccion.feature:96
12:37:39.706 [pool-3-thread-1] INFO  com.intuit.karate.Suite - <<fail>> feature 1 of 1 (0 remaining) classpath:examples/ejemplos/01-introduccion.feature
12:38:22.036 [main] INFO  com.intuit.karate.Runner - using system property 'karate.options': classpath:examples/ejemplos/01-introduccion.feature
12:38:22.237 [main] DEBUG com.intuit.karate.Suite - [config] classpath:karate-config.js
12:38:22.238 [main] INFO  com.intuit.karate.Suite - backed up existing 'target/karate-reports' dir to: target/karate-reports_1780483102237
12:38:22.629 [pool-2-thread-4] INFO  com.intuit.karate - karate.env system property was: null 
12:38:22.629 [pool-2-thread-3] INFO  com.intuit.karate - karate.env system property was: null 
12:38:22.629 [pool-2-thread-2] INFO  com.intuit.karate - karate.env system property was: null 
12:38:22.629 [pool-2-thread-5] INFO  com.intuit.karate - karate.env system property was: null 
12:38:22.629 [pool-2-thread-1] INFO  com.intuit.karate - karate.env system property was: null 
12:38:22.649 [pool-2-thread-1] INFO  com.intuit.karate - [print] Hola mundo 
12:38:22.652 [pool-2-thread-2] INFO  com.intuit.karate - Hola mundo 
12:38:22.654 [pool-2-thread-3] ERROR com.intuit.karate - No se ha encontrado el recurso: /productos/1309 
12:38:22.655 [pool-2-thread-4] WARN  com.intuit.karate - El tiempo de respuesta es demasiado alto: 20s 
12:38:22.657 [pool-2-thread-4] DEBUG com.intuit.karate - Token: eyJhbGciOiJIUzI1NiIsInR5cCI6IkpXVCJ9.eyJzdWIiOiIxMjM0NTY3ODkwIiwibmFtZSI6IkpvaG4gRG9lIiwiYWRtaW4iOnRydWUsImlhdCI6MTUxNjIzOTAyMn0.KMUFsIDTnFmyG3nMiGM6H9FNFUROf3wh7SmqJp-QV30 
12:38:22.658 [pool-2-thread-1] INFO  com.intuit.karate - karate.env system property was: null 
12:38:22.658 [pool-2-thread-2] INFO  com.intuit.karate - karate.env system property was: null 
12:38:22.658 [pool-2-thread-3] INFO  com.intuit.karate - karate.env system property was: null 
12:38:22.660 [pool-2-thread-2] INFO  com.intuit.karate - [print] URL de la API:  http://localhost:3000 
12:38:22.660 [pool-2-thread-2] DEBUG c.intuit.karate.core.ScenarioEngine - over-writing existing variable 'urlAPI' with new value: 'http://localhost:4000'
12:38:22.661 [pool-2-thread-2] INFO  com.intuit.karate - [print] URL de la API:  http://localhost:4000 
12:38:22.661 [pool-2-thread-2] INFO  com.intuit.karate - [print] URL de la API 2:  https://jsonplaceholder.typicode.com/ 
12:38:22.662 [pool-2-thread-2] DEBUG c.intuit.karate.core.ScenarioEngine - over-writing existing variable 'urlAPI2' with new value: 'https://devel.jsonplaceholder.typicode.com/'
12:38:22.662 [pool-2-thread-2] INFO  com.intuit.karate - [print] URL de la API 2:  http://localhost:4000 
12:38:22.671 [pool-2-thread-5] INFO  com.intuit.karate - Usuario:  {
  "nombreCompleto": "Charly Falco",
  "edad": 39,
  "activo": false,
  "hobbies": [
    "leer",
    "motos",
    "escalada"
  ],
  "direccion": {
    "calle": "C/ Norte",
    "numero": 27,
    "ciudad": "Inventada"
  }
}
 
12:38:22.674 [pool-2-thread-1] INFO  com.intuit.karate - [print] Tipo tarjeta de visita:  xml 
12:38:22.679 [pool-2-thread-3] ERROR com.intuit.karate - classpath:examples/ejemplos/01-introduccion.feature:96
And match direccion == {calle '#present', numero '#present', ciudad: '#present'}
match failed: EQUALS
  $ | not equal | actual has 2 more key(s) than expected - {"calle":"C\/ Norte","numero":27,"ciudad":"Inventada"} (MAP:MAP)
  {"calle":"C/ Norte","numero":27,"ciudad":"Inventada"}
  {"calle '#present', numero '#present', ciudad":"#present"}


classpath:examples/ejemplos/01-introduccion.feature:96
12:38:22.986 [pool-3-thread-1] INFO  com.intuit.karate.Suite - <<fail>> feature 1 of 1 (0 remaining) classpath:examples/ejemplos/01-introduccion.feature
12:39:41.270 [main] INFO  com.intuit.karate.Runner - using system property 'karate.options': classpath:examples/ejemplos/01-introduccion.feature
12:39:41.477 [main] DEBUG com.intuit.karate.Suite - [config] classpath:karate-config.js
12:39:41.478 [main] INFO  com.intuit.karate.Suite - backed up existing 'target/karate-reports' dir to: target/karate-reports_1780483181477
12:39:41.858 [pool-2-thread-1] INFO  com.intuit.karate - karate.env system property was: null 
12:39:41.858 [pool-2-thread-4] INFO  com.intuit.karate - karate.env system property was: null 
12:39:41.858 [pool-2-thread-2] INFO  com.intuit.karate - karate.env system property was: null 
12:39:41.858 [pool-2-thread-3] INFO  com.intuit.karate - karate.env system property was: null 
12:39:41.858 [pool-2-thread-5] INFO  com.intuit.karate - karate.env system property was: null 
12:39:41.881 [pool-2-thread-1] INFO  com.intuit.karate - [print] Hola mundo 
12:39:41.882 [pool-2-thread-2] INFO  com.intuit.karate - Hola mundo 
12:39:41.885 [pool-2-thread-3] ERROR com.intuit.karate - No se ha encontrado el recurso: /productos/1309 
12:39:41.885 [pool-2-thread-4] WARN  com.intuit.karate - El tiempo de respuesta es demasiado alto: 20s 
12:39:41.885 [pool-2-thread-1] INFO  com.intuit.karate - karate.env system property was: null 
12:39:41.885 [pool-2-thread-2] INFO  com.intuit.karate - karate.env system property was: null 
12:39:41.886 [pool-2-thread-1] INFO  com.intuit.karate - [print] URL de la API:  http://localhost:3000 
12:39:41.886 [pool-2-thread-4] DEBUG com.intuit.karate - Token: eyJhbGciOiJIUzI1NiIsInR5cCI6IkpXVCJ9.eyJzdWIiOiIxMjM0NTY3ODkwIiwibmFtZSI6IkpvaG4gRG9lIiwiYWRtaW4iOnRydWUsImlhdCI6MTUxNjIzOTAyMn0.KMUFsIDTnFmyG3nMiGM6H9FNFUROf3wh7SmqJp-QV30 
12:39:41.886 [pool-2-thread-1] DEBUG c.intuit.karate.core.ScenarioEngine - over-writing existing variable 'urlAPI' with new value: 'http://localhost:4000'
12:39:41.887 [pool-2-thread-1] INFO  com.intuit.karate - [print] URL de la API:  http://localhost:4000 
12:39:41.888 [pool-2-thread-1] INFO  com.intuit.karate - [print] URL de la API 2:  https://jsonplaceholder.typicode.com/ 
12:39:41.888 [pool-2-thread-1] DEBUG c.intuit.karate.core.ScenarioEngine - over-writing existing variable 'urlAPI2' with new value: 'https://devel.jsonplaceholder.typicode.com/'
12:39:41.888 [pool-2-thread-3] INFO  com.intuit.karate - karate.env system property was: null 
12:39:41.888 [pool-2-thread-1] INFO  com.intuit.karate - [print] URL de la API 2:  http://localhost:4000 
12:39:41.901 [pool-2-thread-5] INFO  com.intuit.karate - Usuario:  {
  "nombreCompleto": "Charly Falco",
  "edad": 39,
  "activo": false,
  "hobbies": [
    "leer",
    "motos",
    "escalada"
  ],
  "direccion": {
    "calle": "C/ Norte",
    "numero": 27,
    "ciudad": "Inventada"
  }
}
 
12:39:41.903 [pool-2-thread-2] INFO  com.intuit.karate - [print] Tipo tarjeta de visita:  xml 
12:39:41.909 [pool-2-thread-3] ERROR com.intuit.karate - classpath:examples/ejemplos/01-introduccion.feature:96
And match direccion == {calle '#string', numero '#number', ciudad: '#string'}
match failed: EQUALS
  $ | not equal | actual has 2 more key(s) than expected - {"calle":"C\/ Norte","numero":27,"ciudad":"Inventada"} (MAP:MAP)
  {"calle":"C/ Norte","numero":27,"ciudad":"Inventada"}
  {"calle '#string', numero '#number', ciudad":"#string"}


classpath:examples/ejemplos/01-introduccion.feature:96
12:39:42.207 [pool-3-thread-1] INFO  com.intuit.karate.Suite - <<fail>> feature 1 of 1 (0 remaining) classpath:examples/ejemplos/01-introduccion.feature
12:41:58.383 [main] INFO  com.intuit.karate.Runner - using system property 'karate.options': classpath:examples/ejemplos/01-introduccion.feature
12:41:58.618 [main] DEBUG com.intuit.karate.Suite - [config] classpath:karate-config.js
12:41:58.619 [main] INFO  com.intuit.karate.Suite - backed up existing 'target/karate-reports' dir to: target/karate-reports_1780483318618
12:41:59.021 [pool-2-thread-2] INFO  com.intuit.karate - karate.env system property was: null 
12:41:59.022 [pool-2-thread-5] INFO  com.intuit.karate - karate.env system property was: null 
12:41:59.022 [pool-2-thread-3] INFO  com.intuit.karate - karate.env system property was: null 
12:41:59.022 [pool-2-thread-1] INFO  com.intuit.karate - karate.env system property was: null 
12:41:59.022 [pool-2-thread-4] INFO  com.intuit.karate - karate.env system property was: null 
12:41:59.044 [pool-2-thread-1] INFO  com.intuit.karate - [print] Hola mundo 
12:41:59.045 [pool-2-thread-2] INFO  com.intuit.karate - Hola mundo 
12:41:59.047 [pool-2-thread-3] ERROR com.intuit.karate - No se ha encontrado el recurso: /productos/1309 
12:41:59.047 [pool-2-thread-4] WARN  com.intuit.karate - El tiempo de respuesta es demasiado alto: 20s 
12:41:59.049 [pool-2-thread-1] INFO  com.intuit.karate - karate.env system property was: null 
12:41:59.049 [pool-2-thread-4] DEBUG com.intuit.karate - Token: eyJhbGciOiJIUzI1NiIsInR5cCI6IkpXVCJ9.eyJzdWIiOiIxMjM0NTY3ODkwIiwibmFtZSI6IkpvaG4gRG9lIiwiYWRtaW4iOnRydWUsImlhdCI6MTUxNjIzOTAyMn0.KMUFsIDTnFmyG3nMiGM6H9FNFUROf3wh7SmqJp-QV30 
12:41:59.049 [pool-2-thread-2] INFO  com.intuit.karate - karate.env system property was: null 
12:41:59.050 [pool-2-thread-1] INFO  com.intuit.karate - [print] URL de la API:  http://localhost:3000 
12:41:59.050 [pool-2-thread-1] DEBUG c.intuit.karate.core.ScenarioEngine - over-writing existing variable 'urlAPI' with new value: 'http://localhost:4000'
12:41:59.051 [pool-2-thread-3] INFO  com.intuit.karate - karate.env system property was: null 
12:41:59.051 [pool-2-thread-1] INFO  com.intuit.karate - [print] URL de la API:  http://localhost:4000 
12:41:59.052 [pool-2-thread-1] INFO  com.intuit.karate - [print] URL de la API 2:  https://jsonplaceholder.typicode.com/ 
12:41:59.052 [pool-2-thread-1] DEBUG c.intuit.karate.core.ScenarioEngine - over-writing existing variable 'urlAPI2' with new value: 'https://devel.jsonplaceholder.typicode.com/'
12:41:59.053 [pool-2-thread-1] INFO  com.intuit.karate - [print] URL de la API 2:  http://localhost:4000 
12:41:59.061 [pool-2-thread-5] INFO  com.intuit.karate - Usuario:  {
  "nombreCompleto": "Charly Falco",
  "edad": 39,
  "activo": false,
  "hobbies": [
    "leer",
    "motos",
    "escalada"
  ],
  "direccion": {
    "calle": "C/ Norte",
    "numero": 27,
    "ciudad": "Inventada"
  }
}
 
12:41:59.063 [pool-2-thread-2] INFO  com.intuit.karate - [print] Tipo tarjeta de visita:  xml 
12:41:59.367 [pool-3-thread-1] INFO  com.intuit.karate.Suite - <<pass>> feature 1 of 1 (0 remaining) classpath:examples/ejemplos/01-introduccion.feature
12:46:49.850 [main] INFO  com.intuit.karate.Runner - using system property 'karate.options': classpath:examples/ejemplos/01-introduccion.feature
12:46:50.072 [main] DEBUG com.intuit.karate.Suite - [config] classpath:karate-config.js
12:46:50.073 [main] INFO  com.intuit.karate.Suite - backed up existing 'target/karate-reports' dir to: target/karate-reports_1780483610072
12:46:50.562 [pool-2-thread-4] INFO  com.intuit.karate - karate.env system property was: null 
12:46:50.562 [pool-2-thread-1] INFO  com.intuit.karate - karate.env system property was: null 
12:46:50.562 [pool-2-thread-5] INFO  com.intuit.karate - karate.env system property was: null 
12:46:50.562 [pool-2-thread-2] INFO  com.intuit.karate - karate.env system property was: null 
12:46:50.562 [pool-2-thread-3] INFO  com.intuit.karate - karate.env system property was: null 
12:46:50.584 [pool-2-thread-1] INFO  com.intuit.karate - [print] Hola mundo 
12:46:50.584 [pool-2-thread-2] INFO  com.intuit.karate - Hola mundo 
12:46:50.587 [pool-2-thread-3] ERROR com.intuit.karate - No se ha encontrado el recurso: /productos/1309 
12:46:50.587 [pool-2-thread-4] WARN  com.intuit.karate - El tiempo de respuesta es demasiado alto: 20s 
12:46:50.588 [pool-2-thread-4] DEBUG com.intuit.karate - Token: eyJhbGciOiJIUzI1NiIsInR5cCI6IkpXVCJ9.eyJzdWIiOiIxMjM0NTY3ODkwIiwibmFtZSI6IkpvaG4gRG9lIiwiYWRtaW4iOnRydWUsImlhdCI6MTUxNjIzOTAyMn0.KMUFsIDTnFmyG3nMiGM6H9FNFUROf3wh7SmqJp-QV30 
12:46:50.588 [pool-2-thread-2] INFO  com.intuit.karate - karate.env system property was: null 
12:46:50.589 [pool-2-thread-1] INFO  com.intuit.karate - karate.env system property was: null 
12:46:50.590 [pool-2-thread-2] INFO  com.intuit.karate - [print] URL de la API:  http://localhost:3000 
12:46:50.590 [pool-2-thread-2] DEBUG c.intuit.karate.core.ScenarioEngine - over-writing existing variable 'urlAPI' with new value: 'http://localhost:4000'
12:46:50.590 [pool-2-thread-2] INFO  com.intuit.karate - [print] URL de la API:  http://localhost:4000 
12:46:50.591 [pool-2-thread-2] INFO  com.intuit.karate - [print] URL de la API 2:  https://jsonplaceholder.typicode.com/ 
12:46:50.592 [pool-2-thread-2] DEBUG c.intuit.karate.core.ScenarioEngine - over-writing existing variable 'urlAPI2' with new value: 'https://devel.jsonplaceholder.typicode.com/'
12:46:50.592 [pool-2-thread-3] INFO  com.intuit.karate - karate.env system property was: null 
12:46:50.592 [pool-2-thread-2] INFO  com.intuit.karate - [print] URL de la API 2:  http://localhost:4000 
12:46:50.593 [pool-2-thread-4] INFO  com.intuit.karate - karate.env system property was: null 
12:46:50.603 [pool-2-thread-5] INFO  com.intuit.karate - Usuario:  {
  "nombreCompleto": "Charly Falco",
  "edad": 39,
  "activo": false,
  "hobbies": [
    "leer",
    "motos",
    "escalada"
  ],
  "direccion": {
    "calle": "C/ Norte",
    "numero": 27,
    "ciudad": "Inventada"
  }
}
 
12:46:50.605 [pool-2-thread-1] INFO  com.intuit.karate - [print] Tipo tarjeta de visita:  xml 
12:46:50.985 [pool-3-thread-1] INFO  com.intuit.karate.Suite - <<pass>> feature 1 of 1 (0 remaining) classpath:examples/ejemplos/01-introduccion.feature
12:46:58.491 [main] INFO  com.intuit.karate.Runner - using system property 'karate.options': classpath:examples/ejemplos/01-introduccion.feature
12:46:58.724 [main] DEBUG com.intuit.karate.Suite - [config] classpath:karate-config.js
12:46:58.725 [main] INFO  com.intuit.karate.Suite - backed up existing 'target/karate-reports' dir to: target/karate-reports_1780483618724
12:46:59.177 [pool-2-thread-3] INFO  com.intuit.karate - karate.env system property was: null 
12:46:59.177 [pool-2-thread-1] INFO  com.intuit.karate - karate.env system property was: null 
12:46:59.177 [pool-2-thread-5] INFO  com.intuit.karate - karate.env system property was: null 
12:46:59.177 [pool-2-thread-4] INFO  com.intuit.karate - karate.env system property was: null 
12:46:59.177 [pool-2-thread-2] INFO  com.intuit.karate - karate.env system property was: null 
12:46:59.196 [pool-2-thread-1] INFO  com.intuit.karate - [print] Hola mundo 
12:46:59.196 [pool-2-thread-2] INFO  com.intuit.karate - Hola mundo 
12:46:59.199 [pool-2-thread-3] ERROR com.intuit.karate - No se ha encontrado el recurso: /productos/1309 
12:46:59.200 [pool-2-thread-4] WARN  com.intuit.karate - El tiempo de respuesta es demasiado alto: 20s 
12:46:59.201 [pool-2-thread-4] DEBUG com.intuit.karate - Token: eyJhbGciOiJIUzI1NiIsInR5cCI6IkpXVCJ9.eyJzdWIiOiIxMjM0NTY3ODkwIiwibmFtZSI6IkpvaG4gRG9lIiwiYWRtaW4iOnRydWUsImlhdCI6MTUxNjIzOTAyMn0.KMUFsIDTnFmyG3nMiGM6H9FNFUROf3wh7SmqJp-QV30 
12:46:59.201 [pool-2-thread-1] INFO  com.intuit.karate - karate.env system property was: null 
12:46:59.202 [pool-2-thread-2] INFO  com.intuit.karate - karate.env system property was: null 
12:46:59.202 [pool-2-thread-1] INFO  com.intuit.karate - [print] URL de la API:  http://localhost:3000 
12:46:59.203 [pool-2-thread-1] DEBUG c.intuit.karate.core.ScenarioEngine - over-writing existing variable 'urlAPI' with new value: 'http://localhost:4000'
12:46:59.203 [pool-2-thread-3] INFO  com.intuit.karate - karate.env system property was: null 
12:46:59.203 [pool-2-thread-1] INFO  com.intuit.karate - [print] URL de la API:  http://localhost:4000 
12:46:59.204 [pool-2-thread-4] INFO  com.intuit.karate - karate.env system property was: null 
12:46:59.204 [pool-2-thread-1] INFO  com.intuit.karate - [print] URL de la API 2:  https://jsonplaceholder.typicode.com/ 
12:46:59.204 [pool-2-thread-1] DEBUG c.intuit.karate.core.ScenarioEngine - over-writing existing variable 'urlAPI2' with new value: 'https://devel.jsonplaceholder.typicode.com/'
12:46:59.205 [pool-2-thread-1] INFO  com.intuit.karate - [print] URL de la API 2:  http://localhost:4000 
12:46:59.215 [pool-2-thread-5] INFO  com.intuit.karate - Usuario:  {
  "nombreCompleto": "Charly Falco",
  "edad": 39,
  "activo": false,
  "hobbies": [
    "leer",
    "motos",
    "escalada"
  ],
  "direccion": {
    "calle": "C/ Norte",
    "numero": 27,
    "ciudad": "Inventada"
  }
}
 
12:46:59.218 [pool-2-thread-4] ERROR com.intuit.karate - classpath:examples/ejemplos/01-introduccion.feature:105
Then match direccion.numero == '#? _ > 0 && _ < 200'
match failed: EQUALS
  $ | evaluated to 'false' (NUMBER:STRING)
  227
  '#? _ > 0 && _ < 200'

classpath:examples/ejemplos/01-introduccion.feature:105
12:46:59.218 [pool-2-thread-2] INFO  com.intuit.karate - [print] Tipo tarjeta de visita:  xml 
12:46:59.501 [pool-3-thread-1] INFO  com.intuit.karate.Suite - <<fail>> feature 1 of 1 (0 remaining) classpath:examples/ejemplos/01-introduccion.feature
12:47:30.966 [main] INFO  com.intuit.karate.Runner - using system property 'karate.options': classpath:examples/ejemplos/01-introduccion.feature
12:47:31.188 [main] DEBUG com.intuit.karate.Suite - [config] classpath:karate-config.js
12:47:31.189 [main] INFO  com.intuit.karate.Suite - backed up existing 'target/karate-reports' dir to: target/karate-reports_1780483651189
12:47:31.637 [pool-2-thread-4] INFO  com.intuit.karate - karate.env system property was: null 
12:47:31.637 [pool-2-thread-5] INFO  com.intuit.karate - karate.env system property was: null 
12:47:31.637 [pool-2-thread-1] INFO  com.intuit.karate - karate.env system property was: null 
12:47:31.637 [pool-2-thread-3] INFO  com.intuit.karate - karate.env system property was: null 
12:47:31.637 [pool-2-thread-2] INFO  com.intuit.karate - karate.env system property was: null 
12:47:31.654 [pool-2-thread-1] INFO  com.intuit.karate - [print] Hola mundo 
12:47:31.655 [pool-2-thread-2] INFO  com.intuit.karate - Hola mundo 
12:47:31.658 [pool-2-thread-4] WARN  com.intuit.karate - El tiempo de respuesta es demasiado alto: 20s 
12:47:31.658 [pool-2-thread-3] ERROR com.intuit.karate - No se ha encontrado el recurso: /productos/1309 
12:47:31.659 [pool-2-thread-4] DEBUG com.intuit.karate - Token: eyJhbGciOiJIUzI1NiIsInR5cCI6IkpXVCJ9.eyJzdWIiOiIxMjM0NTY3ODkwIiwibmFtZSI6IkpvaG4gRG9lIiwiYWRtaW4iOnRydWUsImlhdCI6MTUxNjIzOTAyMn0.KMUFsIDTnFmyG3nMiGM6H9FNFUROf3wh7SmqJp-QV30 
12:47:31.660 [pool-2-thread-2] INFO  com.intuit.karate - karate.env system property was: null 
12:47:31.661 [pool-2-thread-1] INFO  com.intuit.karate - karate.env system property was: null 
12:47:31.662 [pool-2-thread-1] INFO  com.intuit.karate - [print] URL de la API:  http://localhost:3000 
12:47:31.662 [pool-2-thread-3] INFO  com.intuit.karate - karate.env system property was: null 
12:47:31.662 [pool-2-thread-1] DEBUG c.intuit.karate.core.ScenarioEngine - over-writing existing variable 'urlAPI' with new value: 'http://localhost:4000'
12:47:31.662 [pool-2-thread-4] INFO  com.intuit.karate - karate.env system property was: null 
12:47:31.663 [pool-2-thread-1] INFO  com.intuit.karate - [print] URL de la API:  http://localhost:4000 
12:47:31.664 [pool-2-thread-1] INFO  com.intuit.karate - [print] URL de la API 2:  https://jsonplaceholder.typicode.com/ 
12:47:31.664 [pool-2-thread-1] DEBUG c.intuit.karate.core.ScenarioEngine - over-writing existing variable 'urlAPI2' with new value: 'https://devel.jsonplaceholder.typicode.com/'
12:47:31.665 [pool-2-thread-1] INFO  com.intuit.karate - [print] URL de la API 2:  http://localhost:4000 
12:47:31.677 [pool-2-thread-2] INFO  com.intuit.karate - [print] Tipo tarjeta de visita:  xml 
12:47:31.676 [pool-2-thread-5] INFO  com.intuit.karate - Usuario:  {
  "nombreCompleto": "Charly Falco",
  "edad": 39,
  "activo": false,
  "hobbies": [
    "leer",
    "motos",
    "escalada"
  ],
  "direccion": {
    "calle": "C/ Norte",
    "numero": 27,
    "ciudad": "Inventada"
  }
}
 
12:47:31.680 [pool-2-thread-4] ERROR com.intuit.karate - classpath:examples/ejemplos/01-introduccion.feature:105
Then match direccion.numero == '#? _ > 0 && _ < 200'
match failed: EQUALS
  $ | evaluated to 'false' (NUMBER:STRING)
  -27
  '#? _ > 0 && _ < 200'

classpath:examples/ejemplos/01-introduccion.feature:105
12:47:32.001 [pool-3-thread-1] INFO  com.intuit.karate.Suite - <<fail>> feature 1 of 1 (0 remaining) classpath:examples/ejemplos/01-introduccion.feature
12:48:07.204 [main] INFO  com.intuit.karate.Runner - using system property 'karate.options': classpath:examples/ejemplos/01-introduccion.feature
12:48:07.420 [main] DEBUG com.intuit.karate.Suite - [config] classpath:karate-config.js
12:48:07.421 [main] INFO  com.intuit.karate.Suite - backed up existing 'target/karate-reports' dir to: target/karate-reports_1780483687420
12:48:07.843 [pool-2-thread-1] INFO  com.intuit.karate - karate.env system property was: null 
12:48:07.843 [pool-2-thread-3] INFO  com.intuit.karate - karate.env system property was: null 
12:48:07.843 [pool-2-thread-4] INFO  com.intuit.karate - karate.env system property was: null 
12:48:07.843 [pool-2-thread-5] INFO  com.intuit.karate - karate.env system property was: null 
12:48:07.843 [pool-2-thread-2] INFO  com.intuit.karate - karate.env system property was: null 
12:48:07.861 [pool-2-thread-1] INFO  com.intuit.karate - [print] Hola mundo 
12:48:07.861 [pool-2-thread-2] INFO  com.intuit.karate - Hola mundo 
12:48:07.864 [pool-2-thread-3] ERROR com.intuit.karate - No se ha encontrado el recurso: /productos/1309 
12:48:07.864 [pool-2-thread-4] WARN  com.intuit.karate - El tiempo de respuesta es demasiado alto: 20s 
12:48:07.866 [pool-2-thread-4] DEBUG com.intuit.karate - Token: eyJhbGciOiJIUzI1NiIsInR5cCI6IkpXVCJ9.eyJzdWIiOiIxMjM0NTY3ODkwIiwibmFtZSI6IkpvaG4gRG9lIiwiYWRtaW4iOnRydWUsImlhdCI6MTUxNjIzOTAyMn0.KMUFsIDTnFmyG3nMiGM6H9FNFUROf3wh7SmqJp-QV30 
12:48:07.866 [pool-2-thread-1] INFO  com.intuit.karate - karate.env system property was: null 
12:48:07.866 [pool-2-thread-2] INFO  com.intuit.karate - karate.env system property was: null 
12:48:07.868 [pool-2-thread-3] INFO  com.intuit.karate - karate.env system property was: null 
12:48:07.869 [pool-2-thread-1] INFO  com.intuit.karate - [print] URL de la API:  http://localhost:3000 
12:48:07.869 [pool-2-thread-4] INFO  com.intuit.karate - karate.env system property was: null 
12:48:07.869 [pool-2-thread-1] DEBUG c.intuit.karate.core.ScenarioEngine - over-writing existing variable 'urlAPI' with new value: 'http://localhost:4000'
12:48:07.870 [pool-2-thread-1] INFO  com.intuit.karate - [print] URL de la API:  http://localhost:4000 
12:48:07.870 [pool-2-thread-1] INFO  com.intuit.karate - [print] URL de la API 2:  https://jsonplaceholder.typicode.com/ 
12:48:07.871 [pool-2-thread-1] DEBUG c.intuit.karate.core.ScenarioEngine - over-writing existing variable 'urlAPI2' with new value: 'https://devel.jsonplaceholder.typicode.com/'
12:48:07.871 [pool-2-thread-1] INFO  com.intuit.karate - [print] URL de la API 2:  http://localhost:4000 
12:48:07.880 [pool-2-thread-5] INFO  com.intuit.karate - Usuario:  {
  "nombreCompleto": "Charly Falco",
  "edad": 39,
  "activo": false,
  "hobbies": [
    "leer",
    "motos",
    "escalada"
  ],
  "direccion": {
    "calle": "C/ Norte",
    "numero": 27,
    "ciudad": "Inventada"
  }
}
 
12:48:07.882 [pool-2-thread-2] INFO  com.intuit.karate - [print] Tipo tarjeta de visita:  xml 
12:48:07.884 [pool-2-thread-4] ERROR com.intuit.karate - classpath:examples/ejemplos/01-introduccion.feature:105
Then match direccion.numero == '#? _ > 0 && _ < 200'
match failed: EQUALS
  $ | evaluated to 'false' (NUMBER:STRING)
  -27
  '#? _ > 0 && _ < 200'

classpath:examples/ejemplos/01-introduccion.feature:105
12:48:08.171 [pool-3-thread-1] INFO  com.intuit.karate.Suite - <<fail>> feature 1 of 1 (0 remaining) classpath:examples/ejemplos/01-introduccion.feature
12:48:19.120 [main] INFO  com.intuit.karate.Runner - using system property 'karate.options': classpath:examples/ejemplos/01-introduccion.feature
12:48:19.326 [main] DEBUG com.intuit.karate.Suite - [config] classpath:karate-config.js
12:48:19.328 [main] INFO  com.intuit.karate.Suite - backed up existing 'target/karate-reports' dir to: target/karate-reports_1780483699327
12:48:19.796 [pool-2-thread-4] INFO  com.intuit.karate - karate.env system property was: null 
12:48:19.796 [pool-2-thread-1] INFO  com.intuit.karate - karate.env system property was: null 
12:48:19.796 [pool-2-thread-5] INFO  com.intuit.karate - karate.env system property was: null 
12:48:19.796 [pool-2-thread-2] INFO  com.intuit.karate - karate.env system property was: null 
12:48:19.796 [pool-2-thread-3] INFO  com.intuit.karate - karate.env system property was: null 
12:48:19.820 [pool-2-thread-1] INFO  com.intuit.karate - [print] Hola mundo 
12:48:19.820 [pool-2-thread-2] INFO  com.intuit.karate - Hola mundo 
12:48:19.824 [pool-2-thread-3] ERROR com.intuit.karate - No se ha encontrado el recurso: /productos/1309 
12:48:19.824 [pool-2-thread-4] WARN  com.intuit.karate - El tiempo de respuesta es demasiado alto: 20s 
12:48:19.826 [pool-2-thread-4] DEBUG com.intuit.karate - Token: eyJhbGciOiJIUzI1NiIsInR5cCI6IkpXVCJ9.eyJzdWIiOiIxMjM0NTY3ODkwIiwibmFtZSI6IkpvaG4gRG9lIiwiYWRtaW4iOnRydWUsImlhdCI6MTUxNjIzOTAyMn0.KMUFsIDTnFmyG3nMiGM6H9FNFUROf3wh7SmqJp-QV30 
12:48:19.826 [pool-2-thread-2] INFO  com.intuit.karate - karate.env system property was: null 
12:48:19.827 [pool-2-thread-1] INFO  com.intuit.karate - karate.env system property was: null 
12:48:19.828 [pool-2-thread-3] INFO  com.intuit.karate - karate.env system property was: null 
12:48:19.828 [pool-2-thread-2] INFO  com.intuit.karate - [print] URL de la API:  http://localhost:3000 
12:48:19.829 [pool-2-thread-2] DEBUG c.intuit.karate.core.ScenarioEngine - over-writing existing variable 'urlAPI' with new value: 'http://localhost:4000'
12:48:19.830 [pool-2-thread-4] INFO  com.intuit.karate - karate.env system property was: null 
12:48:19.831 [pool-2-thread-2] INFO  com.intuit.karate - [print] URL de la API:  http://localhost:4000 
12:48:19.833 [pool-2-thread-2] INFO  com.intuit.karate - [print] URL de la API 2:  https://jsonplaceholder.typicode.com/ 
12:48:19.833 [pool-2-thread-2] DEBUG c.intuit.karate.core.ScenarioEngine - over-writing existing variable 'urlAPI2' with new value: 'https://devel.jsonplaceholder.typicode.com/'
12:48:19.835 [pool-2-thread-2] INFO  com.intuit.karate - [print] URL de la API 2:  http://localhost:4000 
12:48:19.843 [pool-2-thread-5] INFO  com.intuit.karate - Usuario:  {
  "nombreCompleto": "Charly Falco",
  "edad": 39,
  "activo": false,
  "hobbies": [
    "leer",
    "motos",
    "escalada"
  ],
  "direccion": {
    "calle": "C/ Norte",
    "numero": 27,
    "ciudad": "Inventada"
  }
}
 
12:48:19.848 [pool-2-thread-1] INFO  com.intuit.karate - [print] Tipo tarjeta de visita:  xml 
12:48:20.267 [pool-3-thread-1] INFO  com.intuit.karate.Suite - <<pass>> feature 1 of 1 (0 remaining) classpath:examples/ejemplos/01-introduccion.feature
12:48:26.329 [main] INFO  com.intuit.karate.Runner - using system property 'karate.options': classpath:examples/ejemplos/01-introduccion.feature
12:48:26.527 [main] DEBUG com.intuit.karate.Suite - [config] classpath:karate-config.js
12:48:26.529 [main] INFO  com.intuit.karate.Suite - backed up existing 'target/karate-reports' dir to: target/karate-reports_1780483706528
12:48:26.954 [pool-2-thread-2] INFO  com.intuit.karate - karate.env system property was: null 
12:48:26.954 [pool-2-thread-3] INFO  com.intuit.karate - karate.env system property was: null 
12:48:26.954 [pool-2-thread-1] INFO  com.intuit.karate - karate.env system property was: null 
12:48:26.954 [pool-2-thread-4] INFO  com.intuit.karate - karate.env system property was: null 
12:48:26.954 [pool-2-thread-5] INFO  com.intuit.karate - karate.env system property was: null 
12:48:26.975 [pool-2-thread-1] INFO  com.intuit.karate - [print] Hola mundo 
12:48:26.975 [pool-2-thread-2] INFO  com.intuit.karate - Hola mundo 
12:48:26.978 [pool-2-thread-4] WARN  com.intuit.karate - El tiempo de respuesta es demasiado alto: 20s 
12:48:26.978 [pool-2-thread-3] ERROR com.intuit.karate - No se ha encontrado el recurso: /productos/1309 
12:48:26.979 [pool-2-thread-4] DEBUG com.intuit.karate - Token: eyJhbGciOiJIUzI1NiIsInR5cCI6IkpXVCJ9.eyJzdWIiOiIxMjM0NTY3ODkwIiwibmFtZSI6IkpvaG4gRG9lIiwiYWRtaW4iOnRydWUsImlhdCI6MTUxNjIzOTAyMn0.KMUFsIDTnFmyG3nMiGM6H9FNFUROf3wh7SmqJp-QV30 
12:48:26.980 [pool-2-thread-1] INFO  com.intuit.karate - karate.env system property was: null 
12:48:26.981 [pool-2-thread-1] INFO  com.intuit.karate - [print] URL de la API:  http://localhost:3000 
12:48:26.981 [pool-2-thread-1] DEBUG c.intuit.karate.core.ScenarioEngine - over-writing existing variable 'urlAPI' with new value: 'http://localhost:4000'
12:48:26.982 [pool-2-thread-1] INFO  com.intuit.karate - [print] URL de la API:  http://localhost:4000 
12:48:26.982 [pool-2-thread-2] INFO  com.intuit.karate - karate.env system property was: null 
12:48:26.983 [pool-2-thread-1] INFO  com.intuit.karate - [print] URL de la API 2:  https://jsonplaceholder.typicode.com/ 
12:48:26.983 [pool-2-thread-3] INFO  com.intuit.karate - karate.env system property was: null 
12:48:26.983 [pool-2-thread-1] DEBUG c.intuit.karate.core.ScenarioEngine - over-writing existing variable 'urlAPI2' with new value: 'https://devel.jsonplaceholder.typicode.com/'
12:48:26.983 [pool-2-thread-1] INFO  com.intuit.karate - [print] URL de la API 2:  http://localhost:4000 
12:48:26.984 [pool-2-thread-4] INFO  com.intuit.karate - karate.env system property was: null 
12:48:26.993 [pool-2-thread-5] INFO  com.intuit.karate - Usuario:  {
  "nombreCompleto": "Charly Falco",
  "edad": 39,
  "activo": false,
  "hobbies": [
    "leer",
    "motos",
    "escalada"
  ],
  "direccion": {
    "calle": "C/ Norte",
    "numero": 27,
    "ciudad": "Inventada"
  }
}
 
12:48:26.997 [pool-2-thread-2] INFO  com.intuit.karate - [print] Tipo tarjeta de visita:  xml 
12:48:26.998 [pool-2-thread-4] ERROR com.intuit.karate - classpath:examples/ejemplos/01-introduccion.feature:106
Then match hobbies == '#? _.length == 4'
match failed: EQUALS
  $ | evaluated to 'false' (LIST:STRING)
  ["leer","motos","escalada"]
  '#? _.length == 4'

classpath:examples/ejemplos/01-introduccion.feature:106
12:48:27.277 [pool-3-thread-1] INFO  com.intuit.karate.Suite - <<fail>> feature 1 of 1 (0 remaining) classpath:examples/ejemplos/01-introduccion.feature
13:01:45.583 [main] INFO  com.intuit.karate.Runner - using system property 'karate.options': classpath:examples/ejemplos/01-introduccion.feature
13:01:45.791 [main] DEBUG com.intuit.karate.Suite - [config] classpath:karate-config.js
13:01:45.792 [main] INFO  com.intuit.karate.Suite - backed up existing 'target/karate-reports' dir to: target/karate-reports_1780484505791
13:01:46.275 [pool-2-thread-4] INFO  com.intuit.karate - karate.env system property was: null 
13:01:46.275 [pool-2-thread-5] INFO  com.intuit.karate - karate.env system property was: null 
13:01:46.275 [pool-2-thread-1] INFO  com.intuit.karate - karate.env system property was: null 
13:01:46.275 [pool-2-thread-2] INFO  com.intuit.karate - karate.env system property was: null 
13:01:46.275 [pool-2-thread-3] INFO  com.intuit.karate - karate.env system property was: null 
13:01:46.295 [pool-2-thread-1] INFO  com.intuit.karate - [print] Hola mundo 
13:01:46.298 [pool-2-thread-2] INFO  com.intuit.karate - Hola mundo 
13:01:46.301 [pool-2-thread-3] ERROR com.intuit.karate - No se ha encontrado el recurso: /productos/1309 
13:01:46.302 [pool-2-thread-4] WARN  com.intuit.karate - El tiempo de respuesta es demasiado alto: 20s 
13:01:46.303 [pool-2-thread-1] INFO  com.intuit.karate - karate.env system property was: null 
13:01:46.304 [pool-2-thread-4] DEBUG com.intuit.karate - Token: eyJhbGciOiJIUzI1NiIsInR5cCI6IkpXVCJ9.eyJzdWIiOiIxMjM0NTY3ODkwIiwibmFtZSI6IkpvaG4gRG9lIiwiYWRtaW4iOnRydWUsImlhdCI6MTUxNjIzOTAyMn0.KMUFsIDTnFmyG3nMiGM6H9FNFUROf3wh7SmqJp-QV30 
13:01:46.304 [pool-2-thread-2] INFO  com.intuit.karate - karate.env system property was: null 
13:01:46.305 [pool-2-thread-1] INFO  com.intuit.karate - [print] URL de la API:  http://localhost:3000 
13:01:46.305 [pool-2-thread-1] DEBUG c.intuit.karate.core.ScenarioEngine - over-writing existing variable 'urlAPI' with new value: 'http://localhost:4000'
13:01:46.305 [pool-2-thread-3] INFO  com.intuit.karate - karate.env system property was: null 
13:01:46.306 [pool-2-thread-1] INFO  com.intuit.karate - [print] URL de la API:  http://localhost:4000 
13:01:46.307 [pool-2-thread-1] INFO  com.intuit.karate - [print] URL de la API 2:  https://jsonplaceholder.typicode.com/ 
13:01:46.307 [pool-2-thread-1] DEBUG c.intuit.karate.core.ScenarioEngine - over-writing existing variable 'urlAPI2' with new value: 'https://devel.jsonplaceholder.typicode.com/'
13:01:46.308 [pool-2-thread-4] INFO  com.intuit.karate - karate.env system property was: null 
13:01:46.308 [pool-2-thread-1] INFO  com.intuit.karate - [print] URL de la API 2:  http://localhost:4000 
13:01:46.310 [pool-2-thread-1] INFO  com.intuit.karate - karate.env system property was: null 
13:01:46.319 [pool-2-thread-5] INFO  com.intuit.karate - Usuario:  {
  "nombreCompleto": "Charly Falco",
  "edad": 39,
  "activo": false,
  "hobbies": [
    "leer",
    "motos",
    "escalada"
  ],
  "direccion": {
    "calle": "C/ Norte",
    "numero": 27,
    "ciudad": "Inventada"
  }
}
 
13:01:46.321 [pool-2-thread-2] INFO  com.intuit.karate - [print] Tipo tarjeta de visita:  xml 
13:01:46.642 [pool-3-thread-1] INFO  com.intuit.karate.Suite - <<pass>> feature 1 of 1 (0 remaining) classpath:examples/ejemplos/01-introduccion.feature
13:02:03.718 [main] INFO  com.intuit.karate.Runner - using system property 'karate.options': classpath:examples/ejemplos/01-introduccion.feature
13:02:03.925 [main] DEBUG com.intuit.karate.Suite - [config] classpath:karate-config.js
13:02:03.927 [main] INFO  com.intuit.karate.Suite - backed up existing 'target/karate-reports' dir to: target/karate-reports_1780484523926
13:02:04.481 [pool-2-thread-3] INFO  com.intuit.karate - karate.env system property was: null 
13:02:04.481 [pool-2-thread-5] INFO  com.intuit.karate - karate.env system property was: null 
13:02:04.481 [pool-2-thread-2] INFO  com.intuit.karate - karate.env system property was: null 
13:02:04.481 [pool-2-thread-1] INFO  com.intuit.karate - karate.env system property was: null 
13:02:04.481 [pool-2-thread-4] INFO  com.intuit.karate - karate.env system property was: null 
13:02:04.504 [pool-2-thread-1] INFO  com.intuit.karate - [print] Hola mundo 
13:02:04.504 [pool-2-thread-2] INFO  com.intuit.karate - Hola mundo 
13:02:04.508 [pool-2-thread-3] ERROR com.intuit.karate - No se ha encontrado el recurso: /productos/1309 
13:02:04.508 [pool-2-thread-4] WARN  com.intuit.karate - El tiempo de respuesta es demasiado alto: 20s 
13:02:04.510 [pool-2-thread-1] INFO  com.intuit.karate - karate.env system property was: null 
13:02:04.510 [pool-2-thread-2] INFO  com.intuit.karate - karate.env system property was: null 
13:02:04.510 [pool-2-thread-4] DEBUG com.intuit.karate - Token: eyJhbGciOiJIUzI1NiIsInR5cCI6IkpXVCJ9.eyJzdWIiOiIxMjM0NTY3ODkwIiwibmFtZSI6IkpvaG4gRG9lIiwiYWRtaW4iOnRydWUsImlhdCI6MTUxNjIzOTAyMn0.KMUFsIDTnFmyG3nMiGM6H9FNFUROf3wh7SmqJp-QV30 
13:02:04.511 [pool-2-thread-2] INFO  com.intuit.karate - [print] URL de la API:  http://localhost:3000 
13:02:04.512 [pool-2-thread-2] DEBUG c.intuit.karate.core.ScenarioEngine - over-writing existing variable 'urlAPI' with new value: 'http://localhost:4000'
13:02:04.513 [pool-2-thread-2] INFO  com.intuit.karate - [print] URL de la API:  http://localhost:4000 
13:02:04.513 [pool-2-thread-2] INFO  com.intuit.karate - [print] URL de la API 2:  https://jsonplaceholder.typicode.com/ 
13:02:04.513 [pool-2-thread-2] DEBUG c.intuit.karate.core.ScenarioEngine - over-writing existing variable 'urlAPI2' with new value: 'https://devel.jsonplaceholder.typicode.com/'
13:02:04.514 [pool-2-thread-2] INFO  com.intuit.karate - [print] URL de la API 2:  http://localhost:4000 
13:02:04.514 [pool-2-thread-3] INFO  com.intuit.karate - karate.env system property was: null 
13:02:04.514 [pool-2-thread-4] INFO  com.intuit.karate - karate.env system property was: null 
13:02:04.517 [pool-2-thread-2] INFO  com.intuit.karate - karate.env system property was: null 
13:02:04.528 [pool-2-thread-2] ERROR com.intuit.karate - classpath:examples/ejemplos/01-introduccion.feature:111
Then match colorHexadecimal == '#regex ^#[A-Fa-f0-9]{6}$'
match failed: EQUALS
  $ | regex match failed (STRING:STRING)
  '#FABADz'
  '#regex ^#[A-Fa-f0-9]{6}$'

classpath:examples/ejemplos/01-introduccion.feature:111
13:02:04.532 [pool-2-thread-5] INFO  com.intuit.karate - Usuario:  {
  "nombreCompleto": "Charly Falco",
  "edad": 39,
  "activo": false,
  "hobbies": [
    "leer",
    "motos",
    "escalada"
  ],
  "direccion": {
    "calle": "C/ Norte",
    "numero": 27,
    "ciudad": "Inventada"
  }
}
 
13:02:04.536 [pool-2-thread-1] INFO  com.intuit.karate - [print] Tipo tarjeta de visita:  xml 
13:02:04.859 [pool-3-thread-1] INFO  com.intuit.karate.Suite - <<fail>> feature 1 of 1 (0 remaining) classpath:examples/ejemplos/01-introduccion.feature
13:11:30.224 [main] INFO  com.intuit.karate.Runner - using system property 'karate.options': classpath:examples/ejercicios/ejercicio-01-marcadores.feature
13:11:30.429 [main] DEBUG com.intuit.karate.Suite - [config] classpath:karate-config.js
13:11:30.430 [main] INFO  com.intuit.karate.Suite - backed up existing 'target/karate-reports' dir to: target/karate-reports_1780485090429
13:11:30.899 [pool-2-thread-3] INFO  com.intuit.karate - karate.env system property was: null 
13:11:30.899 [pool-2-thread-2] INFO  com.intuit.karate - karate.env system property was: null 
13:11:30.899 [pool-2-thread-1] INFO  com.intuit.karate - karate.env system property was: null 
13:11:31.168 [pool-3-thread-1] INFO  com.intuit.karate.Suite - <<pass>> feature 1 of 1 (0 remaining) classpath:examples/ejercicios/ejercicio-01-marcadores.feature
13:11:50.722 [main] INFO  com.intuit.karate.Runner - using system property 'karate.options': 'classpath:examples/ejercicios/ejercicio-01-marcadores.feature'
13:11:50.940 [main] DEBUG com.intuit.karate.Suite - [config] classpath:karate-config.js
13:11:50.942 [main] INFO  com.intuit.karate.Suite - backed up existing 'target/karate-reports' dir to: target/karate-reports_1780485110940
13:11:51.408 [pool-2-thread-2] INFO  com.intuit.karate - karate.env system property was: null 
13:11:51.408 [pool-2-thread-1] INFO  com.intuit.karate - karate.env system property was: null 
13:11:51.408 [pool-2-thread-3] INFO  com.intuit.karate - karate.env system property was: null 
13:11:51.759 [pool-3-thread-1] INFO  com.intuit.karate.Suite - <<pass>> feature 1 of 1 (0 remaining) classpath:examples/ejercicios/ejercicio-01-marcadores.feature
13:35:39.448 [main] INFO  com.intuit.karate.Runner - using system property 'karate.options': 'classpath:examples/ejercicios/ejercicio-01-marcadores.feature'
13:35:39.666 [main] DEBUG com.intuit.karate.Suite - [config] classpath:karate-config.js
13:35:39.668 [main] INFO  com.intuit.karate.Suite - backed up existing 'target/karate-reports' dir to: target/karate-reports_1780486539667
13:35:40.121 [pool-2-thread-1] INFO  com.intuit.karate - karate.env system property was: null 
13:35:40.121 [pool-2-thread-3] INFO  com.intuit.karate - karate.env system property was: null 
13:35:40.121 [pool-2-thread-2] INFO  com.intuit.karate - karate.env system property was: null 
13:35:40.400 [pool-3-thread-1] INFO  com.intuit.karate.Suite - <<pass>> feature 1 of 1 (0 remaining) classpath:examples/ejercicios/ejercicio-01-marcadores.feature
13:36:55.748 [main] INFO  com.intuit.karate.Runner - using system property 'karate.options': 'classpath:examples/ejercicios/ejercicio-01-marcadores.feature'
13:36:55.961 [main] DEBUG com.intuit.karate.Suite - [config] classpath:karate-config.js
13:36:55.962 [main] INFO  com.intuit.karate.Suite - backed up existing 'target/karate-reports' dir to: target/karate-reports_1780486615961
13:36:56.428 [pool-2-thread-1] INFO  com.intuit.karate - karate.env system property was: null 
13:36:56.428 [pool-2-thread-3] INFO  com.intuit.karate - karate.env system property was: null 
13:36:56.428 [pool-2-thread-2] INFO  com.intuit.karate - karate.env system property was: null 
13:36:56.717 [pool-3-thread-1] INFO  com.intuit.karate.Suite - <<pass>> feature 1 of 1 (0 remaining) classpath:examples/ejercicios/ejercicio-01-marcadores.feature
13:37:32.855 [main] INFO  com.intuit.karate.Runner - using system property 'karate.options': 'classpath:examples/ejercicios/ejercicio-01-marcadores.feature'
13:37:33.064 [main] DEBUG com.intuit.karate.Suite - [config] classpath:karate-config.js
13:37:33.066 [main] INFO  com.intuit.karate.Suite - backed up existing 'target/karate-reports' dir to: target/karate-reports_1780486653065
13:37:33.531 [pool-2-thread-2] INFO  com.intuit.karate - karate.env system property was: null 
13:37:33.531 [pool-2-thread-3] INFO  com.intuit.karate - karate.env system property was: null 
13:37:33.531 [pool-2-thread-1] INFO  com.intuit.karate - karate.env system property was: null 
13:37:33.576 [pool-2-thread-1] ERROR com.intuit.karate - classpath:examples/ejercicios/ejercicio-01-marcadores.feature:41
* match reqBody.nombre == '#present #notnull'
match failed: EQUALS

classpath:examples/ejercicios/ejercicio-01-marcadores.feature:41
13:37:33.817 [pool-3-thread-1] INFO  com.intuit.karate.Suite - <<fail>> feature 1 of 1 (0 remaining) classpath:examples/ejercicios/ejercicio-01-marcadores.feature
13:38:03.160 [main] INFO  com.intuit.karate.Runner - using system property 'karate.options': 'classpath:examples/ejercicios/ejercicio-01-marcadores.feature'
13:38:03.391 [main] DEBUG com.intuit.karate.Suite - [config] classpath:karate-config.js
13:38:03.393 [main] INFO  com.intuit.karate.Suite - backed up existing 'target/karate-reports' dir to: target/karate-reports_1780486683392
13:38:03.828 [pool-2-thread-3] INFO  com.intuit.karate - karate.env system property was: null 
13:38:03.828 [pool-2-thread-2] INFO  com.intuit.karate - karate.env system property was: null 
13:38:03.828 [pool-2-thread-1] INFO  com.intuit.karate - karate.env system property was: null 
13:38:04.240 [pool-3-thread-1] INFO  com.intuit.karate.Suite - <<pass>> feature 1 of 1 (0 remaining) classpath:examples/ejercicios/ejercicio-01-marcadores.feature
13:38:46.048 [main] INFO  com.intuit.karate.Runner - using system property 'karate.options': 'classpath:examples/ejercicios/ejercicio-01-marcadores.feature'
13:38:46.306 [main] DEBUG com.intuit.karate.Suite - [config] classpath:karate-config.js
13:38:46.308 [main] INFO  com.intuit.karate.Suite - backed up existing 'target/karate-reports' dir to: target/karate-reports_1780486726307
13:38:46.807 [pool-2-thread-2] INFO  com.intuit.karate - karate.env system property was: null 
13:38:46.807 [pool-2-thread-1] INFO  com.intuit.karate - karate.env system property was: null 
13:38:46.807 [pool-2-thread-3] INFO  com.intuit.karate - karate.env system property was: null 
13:38:47.190 [pool-3-thread-1] INFO  com.intuit.karate.Suite - <<pass>> feature 1 of 1 (0 remaining) classpath:examples/ejercicios/ejercicio-01-marcadores.feature
13:42:26.733 [main] INFO  com.intuit.karate.Runner - using system property 'karate.options': 'classpath:examples/ejercicios/ejercicio-01-marcadores.feature'
13:42:26.942 [main] DEBUG com.intuit.karate.Suite - [config] classpath:karate-config.js
13:42:26.944 [main] INFO  com.intuit.karate.Suite - backed up existing 'target/karate-reports' dir to: target/karate-reports_1780486946943
13:42:27.398 [pool-2-thread-1] INFO  com.intuit.karate - karate.env system property was: null 
13:42:27.398 [pool-2-thread-2] INFO  com.intuit.karate - karate.env system property was: null 
13:42:27.398 [pool-2-thread-3] INFO  com.intuit.karate - karate.env system property was: null 
13:42:27.716 [pool-3-thread-1] INFO  com.intuit.karate.Suite - <<pass>> feature 1 of 1 (0 remaining) classpath:examples/ejercicios/ejercicio-01-marcadores.feature
13:45:48.864 [main] INFO  com.intuit.karate.Runner - using system property 'karate.options': 'classpath:examples/ejercicios/ejercicio-01-marcadores.feature'
13:45:49.067 [main] DEBUG com.intuit.karate.Suite - [config] classpath:karate-config.js
13:45:49.069 [main] INFO  com.intuit.karate.Suite - backed up existing 'target/karate-reports' dir to: target/karate-reports_1780487149068
13:45:49.548 [pool-2-thread-3] INFO  com.intuit.karate - karate.env system property was: null 
13:45:49.548 [pool-2-thread-2] INFO  com.intuit.karate - karate.env system property was: null 
13:45:49.548 [pool-2-thread-1] INFO  com.intuit.karate - karate.env system property was: null 
13:45:49.548 [pool-2-thread-4] INFO  com.intuit.karate - karate.env system property was: null 
13:45:49.873 [pool-3-thread-1] INFO  com.intuit.karate.Suite - <<pass>> feature 1 of 1 (0 remaining) classpath:examples/ejercicios/ejercicio-01-marcadores.feature
13:46:12.560 [main] INFO  com.intuit.karate.Runner - using system property 'karate.options': 'classpath:examples/ejercicios/ejercicio-01-marcadores.feature'
13:46:12.768 [main] DEBUG com.intuit.karate.Suite - [config] classpath:karate-config.js
13:46:12.770 [main] INFO  com.intuit.karate.Suite - backed up existing 'target/karate-reports' dir to: target/karate-reports_1780487172769
13:46:13.201 [pool-2-thread-3] INFO  com.intuit.karate - karate.env system property was: null 
13:46:13.201 [pool-2-thread-1] INFO  com.intuit.karate - karate.env system property was: null 
13:46:13.201 [pool-2-thread-4] INFO  com.intuit.karate - karate.env system property was: null 
13:46:13.201 [pool-2-thread-2] INFO  com.intuit.karate - karate.env system property was: null 
13:46:13.235 [pool-2-thread-3] ERROR com.intuit.karate - classpath:examples/ejercicios/ejercicio-01-marcadores.feature:70
* match usuarioId == '#uuid'
match failed: EQUALS
  $ | not a valid uuid (STRING:STRING)
  'z5ba7278-0876-41f6-a8c3-e69b4acab769'
  '#uuid'

classpath:examples/ejercicios/ejercicio-01-marcadores.feature:70
13:46:13.500 [pool-3-thread-1] INFO  com.intuit.karate.Suite - <<fail>> feature 1 of 1 (0 remaining) classpath:examples/ejercicios/ejercicio-01-marcadores.feature
13:49:38.069 [main] INFO  com.intuit.karate.Runner - using system property 'karate.options': 'classpath:examples/ejercicios/ejercicio-01-marcadores.feature'
13:49:38.285 [main] DEBUG com.intuit.karate.Suite - [config] classpath:karate-config.js
13:49:38.287 [main] INFO  com.intuit.karate.Suite - backed up existing 'target/karate-reports' dir to: target/karate-reports_1780487378286
13:49:38.700 [pool-2-thread-3] INFO  com.intuit.karate - karate.env system property was: null 
13:49:38.700 [pool-2-thread-1] INFO  com.intuit.karate - karate.env system property was: null 
13:49:38.700 [pool-2-thread-2] INFO  com.intuit.karate - karate.env system property was: null 
13:49:38.700 [pool-2-thread-4] INFO  com.intuit.karate - karate.env system property was: null 
13:49:38.749 [pool-2-thread-4] INFO  com.intuit.karate - Perrito piloto: 5 x 49.9€ = 249.5 
13:49:39.009 [pool-3-thread-1] INFO  com.intuit.karate.Suite - <<pass>> feature 1 of 1 (0 remaining) classpath:examples/ejercicios/ejercicio-01-marcadores.feature
13:50:56.784 [main] INFO  com.intuit.karate.Runner - using system property 'karate.options': 'classpath:examples/ejercicios/ejercicio-01-marcadores.feature'
13:50:57.002 [main] DEBUG com.intuit.karate.Suite - [config] classpath:karate-config.js
13:50:57.003 [main] INFO  com.intuit.karate.Suite - backed up existing 'target/karate-reports' dir to: target/karate-reports_1780487457002
13:50:57.412 [pool-2-thread-3] INFO  com.intuit.karate - karate.env system property was: null 
13:50:57.412 [pool-2-thread-1] INFO  com.intuit.karate - karate.env system property was: null 
13:50:57.412 [pool-2-thread-2] INFO  com.intuit.karate - karate.env system property was: null 
13:50:57.412 [pool-2-thread-4] INFO  com.intuit.karate - karate.env system property was: null 
13:50:57.462 [pool-2-thread-4] INFO  com.intuit.karate - Perrito piloto: 5 x 49.9€ = 249.5 
13:50:57.464 [pool-2-thread-4] INFO  com.intuit.karate - Perrito piloto: 5 x 49.9€ = 249.5 
13:50:57.725 [pool-3-thread-1] INFO  com.intuit.karate.Suite - <<pass>> feature 1 of 1 (0 remaining) classpath:examples/ejercicios/ejercicio-01-marcadores.feature
13:51:43.981 [main] INFO  com.intuit.karate.Runner - using system property 'karate.options': 'classpath:examples/ejercicios/ejercicio-01-marcadores.feature'
13:51:44.243 [main] DEBUG com.intuit.karate.Suite - [config] classpath:karate-config.js
13:51:44.246 [main] INFO  com.intuit.karate.Suite - backed up existing 'target/karate-reports' dir to: target/karate-reports_1780487504244
13:51:44.799 [pool-2-thread-3] INFO  com.intuit.karate - karate.env system property was: null 
13:51:44.799 [pool-2-thread-1] INFO  com.intuit.karate - karate.env system property was: null 
13:51:44.799 [pool-2-thread-2] INFO  com.intuit.karate - karate.env system property was: null 
13:51:44.799 [pool-2-thread-4] INFO  com.intuit.karate - karate.env system property was: null 
13:51:44.867 [pool-2-thread-4] INFO  com.intuit.karate - Perrito piloto: 5 x 49.9€ = 249.5 
13:51:44.869 [pool-2-thread-4] INFO  com.intuit.karate - Perrito piloto: 5 x 49.9€ = 249.5 
13:51:45.203 [pool-3-thread-1] INFO  com.intuit.karate.Suite - <<pass>> feature 1 of 1 (0 remaining) classpath:examples/ejercicios/ejercicio-01-marcadores.feature
13:52:44.289 [main] INFO  com.intuit.karate.Runner - using system property 'karate.options': 'classpath:examples/ejercicios/ejercicio-01-marcadores.feature'
13:52:44.506 [main] DEBUG com.intuit.karate.Suite - [config] classpath:karate-config.js
13:52:44.507 [main] INFO  com.intuit.karate.Suite - backed up existing 'target/karate-reports' dir to: target/karate-reports_1780487564506
13:52:44.986 [pool-2-thread-2] INFO  com.intuit.karate - karate.env system property was: null 
13:52:44.986 [pool-2-thread-4] INFO  com.intuit.karate - karate.env system property was: null 
13:52:44.986 [pool-2-thread-1] INFO  com.intuit.karate - karate.env system property was: null 
13:52:44.986 [pool-2-thread-3] INFO  com.intuit.karate - karate.env system property was: null 
13:52:45.048 [pool-2-thread-4] INFO  com.intuit.karate - Perrito piloto: 5 x 49.90€ = 249.5€ 
13:52:45.049 [pool-2-thread-4] INFO  com.intuit.karate - Perrito piloto: 5 x 49.9€ = 249.5€ 
13:52:45.328 [pool-3-thread-1] INFO  com.intuit.karate.Suite - <<pass>> feature 1 of 1 (0 remaining) classpath:examples/ejercicios/ejercicio-01-marcadores.feature
13:53:08.590 [main] INFO  com.intuit.karate.Runner - using system property 'karate.options': 'classpath:examples/ejercicios/ejercicio-01-marcadores.feature'
13:53:08.853 [main] DEBUG com.intuit.karate.Suite - [config] classpath:karate-config.js
13:53:08.855 [main] INFO  com.intuit.karate.Suite - backed up existing 'target/karate-reports' dir to: target/karate-reports_1780487588854
13:53:09.413 [pool-2-thread-3] INFO  com.intuit.karate - karate.env system property was: null 
13:53:09.413 [pool-2-thread-2] INFO  com.intuit.karate - karate.env system property was: null 
13:53:09.413 [pool-2-thread-1] INFO  com.intuit.karate - karate.env system property was: null 
13:53:09.413 [pool-2-thread-4] INFO  com.intuit.karate - karate.env system property was: null 
13:53:09.482 [pool-2-thread-4] INFO  com.intuit.karate - Perrito piloto: 5 x 49.90€ = 249.50€ 
13:53:09.483 [pool-2-thread-4] INFO  com.intuit.karate - Perrito piloto: 5 x 49.90€ = 249.50€ 
13:53:09.822 [pool-3-thread-1] INFO  com.intuit.karate.Suite - <<pass>> feature 1 of 1 (0 remaining) classpath:examples/ejercicios/ejercicio-01-marcadores.feature
14:01:07.927 [main] INFO  com.intuit.karate.Runner - using system property 'karate.options': 'classpath:examples/ejemplos/02-fuentes-de-datos.feature'
14:01:08.145 [main] DEBUG com.intuit.karate.Suite - [config] classpath:karate-config.js
14:01:08.147 [main] INFO  com.intuit.karate.Suite - backed up existing 'target/karate-reports' dir to: target/karate-reports_1780488068146
14:01:08.587 [pool-2-thread-1] INFO  com.intuit.karate - karate.env system property was: null 
14:01:08.611 [pool-2-thread-1] ERROR com.intuit.karate - classpath:examples/ejemplos/02-fuentes-de-datos.feature:4
* table cursos 
|	id	|titulo	|precio	|
|	1	|Python	|150	|
|	2	|Node JS	|165.50	|
|	3	|Claude	|350.95	|

js failed:
>>>>
01: Python
<<<<
org.graalvm.polyglot.PolyglotException: ReferenceError: "Python" is not defined
- <js>.:program(Unnamed:1)

classpath:examples/ejemplos/02-fuentes-de-datos.feature:4
14:01:08.837 [pool-3-thread-1] INFO  com.intuit.karate.Suite - <<fail>> feature 1 of 1 (0 remaining) classpath:examples/ejemplos/02-fuentes-de-datos.feature
14:01:32.248 [main] INFO  com.intuit.karate.Runner - using system property 'karate.options': 'classpath:examples/ejemplos/02-fuentes-de-datos.feature'
14:01:32.502 [main] DEBUG com.intuit.karate.Suite - [config] classpath:karate-config.js
14:01:32.504 [main] INFO  com.intuit.karate.Suite - backed up existing 'target/karate-reports' dir to: target/karate-reports_1780488092503
14:01:33.075 [pool-2-thread-1] INFO  com.intuit.karate - karate.env system property was: null 
14:01:33.395 [pool-3-thread-1] INFO  com.intuit.karate.Suite - <<pass>> feature 1 of 1 (0 remaining) classpath:examples/ejemplos/02-fuentes-de-datos.feature
14:01:50.213 [main] INFO  com.intuit.karate.Runner - using system property 'karate.options': 'classpath:examples/ejemplos/02-fuentes-de-datos.feature'
14:01:50.409 [main] DEBUG com.intuit.karate.Suite - [config] classpath:karate-config.js
14:01:50.410 [main] INFO  com.intuit.karate.Suite - backed up existing 'target/karate-reports' dir to: target/karate-reports_1780488110410
14:01:50.742 [pool-2-thread-1] INFO  com.intuit.karate - karate.env system property was: null 
14:01:50.781 [pool-2-thread-1] ERROR com.intuit.karate - classpath:examples/ejemplos/02-fuentes-de-datos.feature:11
* match cursos[0].titulo == 'Node'
match failed: EQUALS
  $ | not equal (STRING:STRING)
  'Python'
  'Node'

classpath:examples/ejemplos/02-fuentes-de-datos.feature:11
14:01:50.997 [pool-3-thread-1] INFO  com.intuit.karate.Suite - <<fail>> feature 1 of 1 (0 remaining) classpath:examples/ejemplos/02-fuentes-de-datos.feature
14:05:10.993 [main] INFO  com.intuit.karate.Runner - using system property 'karate.options': 'classpath:examples/ejemplos/02-fuentes-de-datos.feature'
14:05:11.236 [main] DEBUG com.intuit.karate.Suite - [config] classpath:karate-config.js
14:05:11.238 [main] INFO  com.intuit.karate.Suite - backed up existing 'target/karate-reports' dir to: target/karate-reports_1780488311237
14:05:11.699 [pool-2-thread-3] INFO  com.intuit.karate - karate.env system property was: null 
14:05:11.699 [pool-2-thread-2] INFO  com.intuit.karate - karate.env system property was: null 
14:05:11.699 [pool-2-thread-1] INFO  com.intuit.karate - karate.env system property was: null 
14:05:11.747 [pool-2-thread-2] ERROR com.intuit.karate - classpath:examples/ejemplos/02-fuentes-de-datos.feature:24
* match cursos[0].titulo == 'Python'
match failed: EQUALS
  $ | not equal (STRING:STRING)
  ''Python''
  'Python'

classpath:examples/ejemplos/02-fuentes-de-datos.feature:24
14:05:12.002 [pool-3-thread-1] INFO  com.intuit.karate.Suite - <<fail>> feature 1 of 1 (0 remaining) classpath:examples/ejemplos/02-fuentes-de-datos.feature
14:05:26.603 [main] INFO  com.intuit.karate.Runner - using system property 'karate.options': 'classpath:examples/ejemplos/02-fuentes-de-datos.feature'
14:05:26.826 [main] DEBUG com.intuit.karate.Suite - [config] classpath:karate-config.js
14:05:26.827 [main] INFO  com.intuit.karate.Suite - backed up existing 'target/karate-reports' dir to: target/karate-reports_1780488326826
14:05:27.219 [pool-2-thread-1] INFO  com.intuit.karate - karate.env system property was: null 
14:05:27.219 [pool-2-thread-2] INFO  com.intuit.karate - karate.env system property was: null 
14:05:27.219 [pool-2-thread-3] INFO  com.intuit.karate - karate.env system property was: null 
14:05:27.253 [pool-2-thread-2] ERROR com.intuit.karate - classpath:examples/ejemplos/02-fuentes-de-datos.feature:24
* match cursos[0].titulo == 'Python'
match failed: EQUALS
  $ | not equal (STRING:STRING)
  ''Python''
  'Python'

classpath:examples/ejemplos/02-fuentes-de-datos.feature:24
14:05:27.504 [pool-3-thread-1] INFO  com.intuit.karate.Suite - <<fail>> feature 1 of 1 (0 remaining) classpath:examples/ejemplos/02-fuentes-de-datos.feature
14:05:52.448 [main] INFO  com.intuit.karate.Runner - using system property 'karate.options': 'classpath:examples/ejemplos/02-fuentes-de-datos.feature'
14:05:52.700 [main] DEBUG com.intuit.karate.Suite - [config] classpath:karate-config.js
14:05:52.702 [main] INFO  com.intuit.karate.Suite - backed up existing 'target/karate-reports' dir to: target/karate-reports_1780488352701
14:05:53.149 [pool-2-thread-2] INFO  com.intuit.karate - karate.env system property was: null 
14:05:53.149 [pool-2-thread-1] INFO  com.intuit.karate - karate.env system property was: null 
14:05:53.149 [pool-2-thread-3] INFO  com.intuit.karate - karate.env system property was: null 
14:05:53.185 [pool-2-thread-2] ERROR com.intuit.karate - classpath:examples/ejemplos/02-fuentes-de-datos.feature:25
* match cursos[2].precio == 350.95
match failed: EQUALS
  $ | data types don't match (STRING:NUMBER)
  '350.95'
  350.95

classpath:examples/ejemplos/02-fuentes-de-datos.feature:25
14:05:53.429 [pool-3-thread-1] INFO  com.intuit.karate.Suite - <<fail>> feature 1 of 1 (0 remaining) classpath:examples/ejemplos/02-fuentes-de-datos.feature
14:06:04.214 [main] INFO  com.intuit.karate.Runner - using system property 'karate.options': 'classpath:examples/ejemplos/02-fuentes-de-datos.feature'
14:06:04.466 [main] DEBUG com.intuit.karate.Suite - [config] classpath:karate-config.js
14:06:04.467 [main] INFO  com.intuit.karate.Suite - backed up existing 'target/karate-reports' dir to: target/karate-reports_1780488364466
14:06:04.857 [pool-2-thread-1] INFO  com.intuit.karate - karate.env system property was: null 
14:06:04.857 [pool-2-thread-3] INFO  com.intuit.karate - karate.env system property was: null 
14:06:04.857 [pool-2-thread-2] INFO  com.intuit.karate - karate.env system property was: null 
14:06:04.897 [pool-2-thread-2] ERROR com.intuit.karate - classpath:examples/ejemplos/02-fuentes-de-datos.feature:25
* match cursos[2].precio == 350.95
match failed: EQUALS
  $ | data types don't match (STRING:NUMBER)
  '350.95'
  350.95

classpath:examples/ejemplos/02-fuentes-de-datos.feature:25
14:06:05.167 [pool-3-thread-1] INFO  com.intuit.karate.Suite - <<fail>> feature 1 of 1 (0 remaining) classpath:examples/ejemplos/02-fuentes-de-datos.feature
14:06:50.659 [main] INFO  com.intuit.karate.Runner - using system property 'karate.options': 'classpath:examples/ejemplos/02-fuentes-de-datos.feature'
14:06:50.858 [main] DEBUG com.intuit.karate.Suite - [config] classpath:karate-config.js
14:06:50.859 [main] INFO  com.intuit.karate.Suite - backed up existing 'target/karate-reports' dir to: target/karate-reports_1780488410858
14:06:51.228 [pool-2-thread-1] INFO  com.intuit.karate - karate.env system property was: null 
14:06:51.228 [pool-2-thread-3] INFO  com.intuit.karate - karate.env system property was: null 
14:06:51.228 [pool-2-thread-2] INFO  com.intuit.karate - karate.env system property was: null 
14:06:51.271 [pool-2-thread-2] ERROR com.intuit.karate - classpath:examples/ejemplos/02-fuentes-de-datos.feature:25
* match cursos[2].precio == 350.95
match failed: EQUALS
  $ | data types don't match (STRING:NUMBER)
  '(350.95)'
  350.95

classpath:examples/ejemplos/02-fuentes-de-datos.feature:25
14:06:51.540 [pool-3-thread-1] INFO  com.intuit.karate.Suite - <<fail>> feature 1 of 1 (0 remaining) classpath:examples/ejemplos/02-fuentes-de-datos.feature
14:07:31.094 [main] INFO  com.intuit.karate.Runner - using system property 'karate.options': 'classpath:examples/ejemplos/02-fuentes-de-datos.feature'
14:07:31.292 [main] DEBUG com.intuit.karate.Suite - [config] classpath:karate-config.js
14:07:31.293 [main] INFO  com.intuit.karate.Suite - backed up existing 'target/karate-reports' dir to: target/karate-reports_1780488451292
14:07:31.659 [pool-2-thread-1] INFO  com.intuit.karate - karate.env system property was: null 
14:07:31.659 [pool-2-thread-3] INFO  com.intuit.karate - karate.env system property was: null 
14:07:31.659 [pool-2-thread-2] INFO  com.intuit.karate - karate.env system property was: null 
14:07:31.952 [pool-3-thread-1] INFO  com.intuit.karate.Suite - <<pass>> feature 1 of 1 (0 remaining) classpath:examples/ejemplos/02-fuentes-de-datos.feature
14:12:43.432 [main] INFO  com.intuit.karate.Runner - using system property 'karate.options': 'classpath:examples/ejemplos/02-fuentes-de-datos.feature'
14:12:43.687 [main] DEBUG com.intuit.karate.Suite - [config] classpath:karate-config.js
14:12:43.689 [main] INFO  com.intuit.karate.Suite - backed up existing 'target/karate-reports' dir to: target/karate-reports_1780488763688
14:12:44.281 [pool-2-thread-4] INFO  com.intuit.karate - karate.env system property was: null 
14:12:44.281 [pool-2-thread-2] INFO  com.intuit.karate - karate.env system property was: null 
14:12:44.281 [pool-2-thread-1] INFO  com.intuit.karate - karate.env system property was: null 
14:12:44.281 [pool-2-thread-3] INFO  com.intuit.karate - karate.env system property was: null 
14:12:44.320 [pool-2-thread-4] ERROR com.intuit.karate - classpath:examples/ejemplos/02-fuentes-de-datos.feature:47
* def cursos = read('classpath:datos/cursos.json')
js failed:
>>>>
01: read('classpath:datos/cursos.json')
<<<<
org.graalvm.polyglot.PolyglotException: not found: datos/cursos.json
- com.intuit.karate.resource.ResourceUtils.getResource(ResourceUtils.java:126)
- com.intuit.karate.core.ScenarioFileReader.toResource(ScenarioFileReader.java:129)
- com.intuit.karate.core.ScenarioFileReader.readFileAsStream(ScenarioFileReader.java:99)
- com.intuit.karate.core.ScenarioFileReader.readFileAsString(ScenarioFileReader.java:95)
- com.intuit.karate.core.ScenarioFileReader.readFile(ScenarioFileReader.java:54)
- com.intuit.karate.core.ScenarioEngine.lambda$new$0(ScenarioEngine.java:109)
- <js>.:program(Unnamed:1)

classpath:examples/ejemplos/02-fuentes-de-datos.feature:47
14:12:44.669 [pool-3-thread-1] INFO  com.intuit.karate.Suite - <<fail>> feature 1 of 1 (0 remaining) classpath:examples/ejemplos/02-fuentes-de-datos.feature
14:14:35.844 [main] INFO  com.intuit.karate.Runner - using system property 'karate.options': 'classpath:examples/ejemplos/02-fuentes-de-datos.feature'
14:14:36.057 [main] DEBUG com.intuit.karate.Suite - [config] classpath:karate-config.js
14:14:36.058 [main] INFO  com.intuit.karate.Suite - backed up existing 'target/karate-reports' dir to: target/karate-reports_1780488876057
14:14:36.528 [pool-2-thread-1] INFO  com.intuit.karate - karate.env system property was: null 
14:14:36.528 [pool-2-thread-4] INFO  com.intuit.karate - karate.env system property was: null 
14:14:36.528 [pool-2-thread-2] INFO  com.intuit.karate - karate.env system property was: null 
14:14:36.528 [pool-2-thread-3] INFO  com.intuit.karate - karate.env system property was: null 
14:14:36.804 [pool-3-thread-1] INFO  com.intuit.karate.Suite - <<pass>> feature 1 of 1 (0 remaining) classpath:examples/ejemplos/02-fuentes-de-datos.feature
14:14:48.721 [main] INFO  com.intuit.karate.Runner - using system property 'karate.options': 'classpath:examples/ejemplos/02-fuentes-de-datos.feature'
14:14:48.935 [main] DEBUG com.intuit.karate.Suite - [config] classpath:karate-config.js
14:14:48.937 [main] INFO  com.intuit.karate.Suite - backed up existing 'target/karate-reports' dir to: target/karate-reports_1780488888936
14:14:49.372 [pool-2-thread-1] INFO  com.intuit.karate - karate.env system property was: null 
14:14:49.372 [pool-2-thread-2] INFO  com.intuit.karate - karate.env system property was: null 
14:14:49.372 [pool-2-thread-4] INFO  com.intuit.karate - karate.env system property was: null 
14:14:49.372 [pool-2-thread-3] INFO  com.intuit.karate - karate.env system property was: null 
14:14:49.402 [pool-2-thread-4] ERROR com.intuit.karate - classpath:examples/ejemplos/02-fuentes-de-datos.feature:50
* match cursos[0].titulo == 'Python'
match failed: EQUALS
  $ | not equal (STRING:STRING)
  'Copilot'
  'Python'

classpath:examples/ejemplos/02-fuentes-de-datos.feature:50
14:14:49.639 [pool-3-thread-1] INFO  com.intuit.karate.Suite - <<fail>> feature 1 of 1 (0 remaining) classpath:examples/ejemplos/02-fuentes-de-datos.feature
14:26:12.267 [main] INFO  com.intuit.karate.Runner - using system property 'karate.options': 'classpath:examples/ejemplos/03-expresiones.feature'
14:26:12.486 [main] DEBUG com.intuit.karate.Suite - [config] classpath:karate-config.js
14:26:12.487 [main] INFO  com.intuit.karate.Suite - backed up existing 'target/karate-reports' dir to: target/karate-reports_1780489572486
14:26:12.936 [pool-2-thread-1] INFO  com.intuit.karate - karate.env system property was: null 
14:26:13.202 [pool-3-thread-1] INFO  com.intuit.karate.Suite - <<pass>> feature 1 of 1 (0 remaining) classpath:examples/ejemplos/03-expresiones.feature
14:29:02.130 [main] INFO  com.intuit.karate.Runner - using system property 'karate.options': 'classpath:examples/ejemplos/03-expresiones.feature'
14:29:02.327 [main] DEBUG com.intuit.karate.Suite - [config] classpath:karate-config.js
14:29:02.329 [main] INFO  com.intuit.karate.Suite - backed up existing 'target/karate-reports' dir to: target/karate-reports_1780489742328
14:29:02.686 [pool-2-thread-2] INFO  com.intuit.karate - karate.env system property was: null 
14:29:02.686 [pool-2-thread-1] INFO  com.intuit.karate - karate.env system property was: null 
14:29:02.947 [pool-3-thread-1] INFO  com.intuit.karate.Suite - <<pass>> feature 1 of 1 (0 remaining) classpath:examples/ejemplos/03-expresiones.feature
14:29:15.329 [main] INFO  com.intuit.karate.Runner - using system property 'karate.options': 'classpath:examples/ejemplos/03-expresiones.feature'
14:29:15.549 [main] DEBUG com.intuit.karate.Suite - [config] classpath:karate-config.js
14:29:15.550 [main] INFO  com.intuit.karate.Suite - backed up existing 'target/karate-reports' dir to: target/karate-reports_1780489755549
14:29:15.905 [pool-2-thread-2] INFO  com.intuit.karate - karate.env system property was: null 
14:29:15.905 [pool-2-thread-1] INFO  com.intuit.karate - karate.env system property was: null 
14:29:15.935 [pool-2-thread-2] ERROR com.intuit.karate - classpath:examples/ejemplos/03-expresiones.feature:20
* match activo == false
match failed: EQUALS
  $ | not equal (BOOLEAN:BOOLEAN)
  true
  false

classpath:examples/ejemplos/03-expresiones.feature:20
14:29:16.182 [pool-3-thread-1] INFO  com.intuit.karate.Suite - <<fail>> feature 1 of 1 (0 remaining) classpath:examples/ejemplos/03-expresiones.feature
14:29:52.953 [main] INFO  com.intuit.karate.Runner - using system property 'karate.options': 'classpath:examples/ejemplos/03-expresiones.feature'
14:29:53.171 [main] DEBUG com.intuit.karate.Suite - [config] classpath:karate-config.js
14:29:53.172 [main] INFO  com.intuit.karate.Suite - backed up existing 'target/karate-reports' dir to: target/karate-reports_1780489793171
14:29:53.539 [pool-2-thread-1] INFO  com.intuit.karate - karate.env system property was: null 
14:29:53.539 [pool-2-thread-2] INFO  com.intuit.karate - karate.env system property was: null 
14:29:53.808 [pool-3-thread-1] INFO  com.intuit.karate.Suite - <<pass>> feature 1 of 1 (0 remaining) classpath:examples/ejemplos/03-expresiones.feature
